id,name,identity_label,category,status,texture_status,glb,glb_size_x_tiles,glb_size_y_tiles,glb_size_z_tiles,footprint_x_tiles,footprint_z_tiles,animation_status,native_source
0,prop_model_000,source geometry compact multi-surface mesh model 0,source_geometry_prop,READY_GLB,EMBEDDED_TEXTURE_READY,furniture/0000_prop_model_000/model.glb,0.5,0.5,0.5,1,1,NATIVE_BINDINGS_METADATA_ONLY,res/field/props/models/prop_model_000.nsbmd
1,prop_model_001,source geometry tall or long surface model 1,source_geometry_prop,READY_GLB,EMBEDDED_TEXTURE_READY,furniture/0001_prop_model_001/model.glb,0.1875,0.3025665283203125,0.081695556640625,1,1,NATIVE_BINDINGS_METADATA_ONLY,res/field/props/models/prop_model_001.nsbmd
2,prop_model_002,source geometry compact multi-surface mesh model 2,source_geometry_prop,READY_GLB,EMBEDDED_TEXTURE_READY,furniture/0002_prop_model_002/model.glb,0.5,0.433013916015625,0.25,1,1,NATIVE_BINDINGS_METADATA_ONLY,res/field/props/models/prop_model_002.nsbmd
3,prop_model_003,source geometry multi-surface mesh model 3,source_geometry_prop,READY_GLB,EMBEDDED_TEXTURE_READY,furniture/0003_prop_model_003/model.glb,0.535919375,0.37719739621889414,0.4686891271140596,1,1,NATIVE_BINDINGS_METADATA_ONLY,res/field/props/models/prop_model_003.nsbmd
4,prop_model_004,source geometry multi-surface mesh model 4,source_geometry_prop,READY_GLB,EMBEDDED_TEXTURE_READY,furniture/0004_prop_model_004/model.glb,0.6456146240234375,0.490234375,0.453125,1,1,NATIVE_BINDINGS_METADATA_ONLY,res/field/props/models/prop_model_004.nsbmd
5,prop_model_005,source geometry multi-surface mesh model 5,source_geometry_prop,READY_GLB,EMBEDDED_TEXTURE_READY,furniture/0005_prop_model_005/model.glb,0.5218200108167095,0.39851374999999994,0.3437499620936555,1,1,NATIVE_BINDINGS_METADATA_ONLY,res/field/props/models/prop_model_005.nsbmd
6,prop_model_006,source geometry tall or long surface model 6,source_geometry_prop,READY_GLB,EMBEDDED_TEXTURE_READY,furniture/0006_prop_model_006/model.glb,0.125,0.2890625,0.0521240234375,1,1,NATIVE_BINDINGS_METADATA_ONLY,res/field/props/models/prop_model_006.nsbmd
7,prop_model_007,source geometry compact multi-surface mesh model 7,source_geometry_prop,READY_GLB,EMBEDDED_TEXTURE_READY,furniture/0007_prop_model_007/model.glb,0.2479858596677492,0.24432375000000003,0.24247743637584313,1,1,NATIVE_BINDINGS_METADATA_ONLY,res/field/props/models/prop_model_007.nsbmd
8,prop_model_008,source geometry multi-surface mesh model 8,source_geometry_prop,READY_GLB,EMBEDDED_TEXTURE_READY,furniture/0008_prop_model_008/model.glb,0.4673004150390625,0.30859375,0.25,1,1,NATIVE_BINDINGS_METADATA_ONLY,res/field/props/models/prop_model_008.nsbmd
9,prop_model_009,source geometry multi-surface mesh model 9,source_geometry_prop,READY_GLB,EMBEDDED_TEXTURE_READY,furniture/0009_prop_model_009/model.glb,0.32695,0.3957060881131283,0.24824518364680076,1,1,NATIVE_BINDINGS_METADATA_ONLY,res/field/props/models/prop_model_009.nsbmd
10,prop_model_010,source geometry multi-surface mesh model 10,source_geometry_prop,READY_GLB,EMBEDDED_TEXTURE_READY,furniture/0010_prop_model_010/model.glb,0.3160093588275404,0.436370625,0.261321886976362,1,1,NATIVE_BINDINGS_METADATA_ONLY,res/field/props/models/prop_model_010.nsbmd
11,prop_model_011,source geometry multi-surface mesh model 11,source_geometry_prop,READY_GLB,EMBEDDED_TEXTURE_READY,furniture/0011_prop_model_011/model.glb,0.27246103278688527,0.39570631514685795,0.33508312500000004,1,1,NATIVE_BINDINGS_METADATA_ONLY,res/field/props/models/prop_model_011.nsbmd
12,prop_model_012,source geometry multi-surface mesh model 12,source_geometry_prop,READY_GLB,EMBEDDED_TEXTURE_READY,furniture/0012_prop_model_012/model.glb,0.3125,0.371124267578125,0.197265625,1,1,NATIVE_BINDINGS_METADATA_ONLY,res/field/props/models/prop_model_012.nsbmd
13,prop_model_013,source geometry multi-surface mesh model 13,source_geometry_prop,READY_GLB,EMBEDDED_TEXTURE_READY,furniture/0013_prop_model_013/model.glb,0.3040924072265625,0.3460845947265625,0.271484375,1,1,NATIVE_BINDINGS_METADATA_ONLY,res/field/props/models/prop_model_013.nsbmd
14,prop_model_014,source geometry tall or long surface model 14,source_geometry_prop,READY_GLB,EMBEDDED_TEXTURE_READY,furniture/0014_prop_model_014/model.glb,0.1611326059936473,0.35644485568291673,0.11048875,1,1,NATIVE_BINDINGS_METADATA_ONLY,res/field/props/models/prop_model_014.nsbmd
15,prop_model_015,source geometry compact multi-surface mesh model 15,source_geometry_prop,READY_GLB,EMBEDDED_TEXTURE_READY,furniture/0015_prop_model_015/model.glb,0.25,0.2993316650390625,0.5899658203125,1,1,NATIVE_BINDINGS_METADATA_ONLY,res/field/props/models/prop_model_015.nsbmd
16,prop_model_016,source geometry tall or long surface model 16,source_geometry_prop,READY_GLB,EMBEDDED_TEXTURE_READY,furniture/0016_prop_model_016/model.glb,0.134246875,0.4406282120226187,0.13423161620538757,1,1,NATIVE_BINDINGS_METADATA_ONLY,res/field/props/models/prop_model_016.nsbmd
17,prop_model_017,source geometry multi-surface mesh model 17,source_geometry_prop,READY_GLB,EMBEDDED_TEXTURE_READY,furniture/0017_prop_model_017/model.glb,0.55859375,0.453125,0.23828125,1,1,NATIVE_BINDINGS_METADATA_ONLY,res/field/props/models/prop_model_017.nsbmd
18,prop_model_018,source geometry multi-surface mesh model 18,source_geometry_prop,READY_GLB,EMBEDDED_TEXTURE_READY,furniture/0018_prop_model_018/model.glb,0.5275269143187652,0.481460625,0.28540042246379105,1,1,NATIVE_BINDINGS_METADATA_ONLY,res/field/props/models/prop_model_018.nsbmd
19,prop_model_019,source geometry multi-surface mesh model 19,source_geometry_prop,READY_GLB,EMBEDDED_TEXTURE_READY,furniture/0019_prop_model_019/model.glb,0.5275269143187652,0.481460625,0.28540042246379105,1,1,NATIVE_BINDINGS_METADATA_ONLY,res/field/props/models/prop_model_019.nsbmd
20,prop_model_020,source geometry multi-surface mesh model 20,source_geometry_prop,READY_GLB,EMBEDDED_TEXTURE_READY,furniture/0020_prop_model_020/model.glb,0.1673887571860817,0.25215125,0.13594042276853252,1,1,NATIVE_BINDINGS_METADATA_ONLY,res/field/props/models/prop_model_020.nsbmd
21,prop_model_021,source geometry multi-surface mesh model 21,source_geometry_prop,READY_GLB,EMBEDDED_TEXTURE_READY,furniture/0021_prop_model_021/model.glb,0.3125,0.4791717529296875,0.229156494140625,1,1,NATIVE_BINDINGS_METADATA_ONLY,res/field/props/models/prop_model_021.nsbmd
22,prop_model_022,source geometry multi-surface mesh model 22,source_geometry_prop,READY_GLB,EMBEDDED_TEXTURE_READY,furniture/0022_prop_model_022/model.glb,0.26171875,0.27734375,0.171875,1,1,NATIVE_BINDINGS_METADATA_ONLY,res/field/props/models/prop_model_022.nsbmd
23,prop_model_023,source geometry multi-surface mesh model 23,source_geometry_prop,READY_GLB,EMBEDDED_TEXTURE_READY,furniture/0023_prop_model_023/model.glb,0.35980224609375,0.3545989990234375,0.2421875,1,1,NATIVE_BINDINGS_METADATA_ONLY,res/field/props/models/prop_model_023.nsbmd
24,prop_model_024,source geometry multi-surface mesh model 24,source_geometry_prop,READY_GLB,EMBEDDED_TEXTURE_READY,furniture/0024_prop_model_024/model.glb,0.53216552734375,0.29296875,0.32421875,1,1,NATIVE_BINDINGS_METADATA_ONLY,res/field/props/models/prop_model_024.nsbmd
25,prop_model_025,source geometry multi-surface mesh model 25,source_geometry_prop,READY_GLB,EMBEDDED_TEXTURE_READY,furniture/0025_prop_model_025/model.glb,0.34417742325737266,0.35655230755697054,0.22766125000000004,1,1,NATIVE_BINDINGS_METADATA_ONLY,res/field/props/models/prop_model_025.nsbmd
26,honey_tree,named source prop honey tree,named_source_prop_object,READY_GLB,EMBEDDED_TEXTURE_READY,furniture/0026_honey_tree/model.glb,0.28124994877632326,0.32171625,0.2570495137307911,1,1,NATIVE_BINDINGS_METADATA_ONLY,res/field/props/models/honey_tree.nsbmd
27,prop_model_027,source geometry multi-surface mesh model 27,source_geometry_prop,READY_GLB,EMBEDDED_TEXTURE_READY,furniture/0027_prop_model_027/model.glb,0.53125,0.489990234375,0.34375,1,1,NATIVE_BINDINGS_METADATA_ONLY,res/field/props/models/prop_model_027.nsbmd
28,prop_model_028,source geometry compact multi-surface mesh model 28,source_geometry_prop,READY_GLB,NATIVE_MATERIAL_COLOR_READY,furniture/0028_prop_model_028/model.glb,0.234375,0.2500457763671875,0.15625,1,1,NATIVE_BINDINGS_METADATA_ONLY,res/field/props/models/prop_model_028.nsbmd
29,prop_model_029,source geometry compact multi-surface mesh model 29,source_geometry_prop,READY_GLB,NATIVE_MATERIAL_COLOR_READY,furniture/0029_prop_model_029/model.glb,0.296875,0.244140625,0.21875,1,1,NATIVE_BINDINGS_METADATA_ONLY,res/field/props/models/prop_model_029.nsbmd
30,prop_model_030,source geometry multi-surface mesh model 30,source_geometry_prop,READY_GLB,EMBEDDED_TEXTURE_READY,furniture/0030_prop_model_030/model.glb,0.34375,0.45703125,0.27734375,1,1,NATIVE_BINDINGS_METADATA_ONLY,res/field/props/models/prop_model_030.nsbmd
31,canalave_bridge_left,named source prop canalave bridge left,named_source_prop_object,READY_GLB,EMBEDDED_TEXTURE_READY,furniture/0031_canalave_bridge_left/model.glb,0.45703125,0.2890625,0.40625,1,1,NATIVE_BINDINGS_METADATA_ONLY,res/field/props/models/canalave_bridge_left.nsbmd
32,canalave_bridge_right,named source prop canalave bridge right,named_source_prop_object,READY_GLB,EMBEDDED_TEXTURE_READY,furniture/0032_canalave_bridge_right/model.glb,0.44921875,0.593963623046875,0.390625,1,1,NATIVE_BINDINGS_METADATA_ONLY,res/field/props/models/canalave_bridge_right.nsbmd
33,prop_model_033,source geometry compact multi-surface mesh model 33,source_geometry_prop,READY_GLB,NATIVE_MATERIAL_COLOR_READY,furniture/0033_prop_model_033/model.glb,0.21875,0.2421875,0.2890625,1,1,NATIVE_BINDINGS_METADATA_ONLY,res/field/props/models/prop_model_033.nsbmd
34,regular_ship,named source prop regular ship,named_source_prop_object,READY_GLB,EMBEDDED_TEXTURE_READY,furniture/0034_regular_ship/model.glb,0.3526612499999999,0.14944462973779854,0.5413667570417964,1,1,NATIVE_BINDINGS_METADATA_ONLY,res/field/props/models/regular_ship.nsbmd
35,prop_model_035,source geometry tall or long surface model 35,source_geometry_prop,READY_GLB,NATIVE_MATERIAL_COLOR_READY,furniture/0035_prop_model_035/model.glb,0.125,0.49609375,0.125,1,1,NATIVE_BINDINGS_METADATA_ONLY,res/field/props/models/prop_model_035.nsbmd
36,prop_model_036,source geometry compact multi-surface mesh model 36,source_geometry_prop,READY_GLB,EMBEDDED_TEXTURE_READY,furniture/0036_prop_model_036/model.glb,0.484375,0.28125,0.375,1,1,NATIVE_BINDINGS_METADATA_ONLY,res/field/props/models/prop_model_036.nsbmd
37,prop_model_037,source geometry multi-surface mesh model 37,source_geometry_prop,READY_GLB,EMBEDDED_TEXTURE_READY,furniture/0037_prop_model_037/model.glb,0.34375,0.296875,0.2529144287109375,1,1,NATIVE_BINDINGS_METADATA_ONLY,res/field/props/models/prop_model_037.nsbmd
38,prop_model_038,source geometry multi-surface mesh model 38,source_geometry_prop,READY_GLB,EMBEDDED_TEXTURE_READY,furniture/0038_prop_model_038/model.glb,0.28125,0.3515625,0.171875,1,1,NATIVE_BINDINGS_METADATA_ONLY,res/field/props/models/prop_model_038.nsbmd
39,prop_model_039,source geometry multi-surface mesh model 39,source_geometry_prop,READY_GLB,EMBEDDED_TEXTURE_READY,furniture/0039_prop_model_039/model.glb,0.703125,0.484375,0.9232635498046875,1,1,NATIVE_BINDINGS_METADATA_ONLY,res/field/props/models/prop_model_039.nsbmd
40,prop_model_040,source geometry multi-surface mesh model 40,source_geometry_prop,READY_GLB,EMBEDDED_TEXTURE_READY,furniture/0040_prop_model_040/model.glb,0.5,0.2421875,0.36328125,1,1,NATIVE_BINDINGS_METADATA_ONLY,res/field/props/models/prop_model_040.nsbmd
41,prop_model_041,source geometry tall or long surface model 41,source_geometry_prop,READY_GLB,EMBEDDED_TEXTURE_READY,furniture/0041_prop_model_041/model.glb,0.140625,0.248046875,0.0634765625,1,1,NATIVE_BINDINGS_METADATA_ONLY,res/field/props/models/prop_model_041.nsbmd
42,prop_model_042,source geometry tall or long surface model 42,source_geometry_prop,READY_GLB,EMBEDDED_TEXTURE_READY,furniture/0042_prop_model_042/model.glb,0.125,0.2763671875,0.1015625,1,1,NATIVE_BINDINGS_METADATA_ONLY,res/field/props/models/prop_model_042.nsbmd
43,prop_model_043,source geometry compact multi-surface mesh model 43,source_geometry_prop,READY_GLB,EMBEDDED_TEXTURE_READY,furniture/0043_prop_model_043/model.glb,0.296875,0.34375,0.1875,1,1,NATIVE_BINDINGS_METADATA_ONLY,res/field/props/models/prop_model_043.nsbmd
44,prop_model_044,source geometry tall or long surface model 44,source_geometry_prop,READY_GLB,EMBEDDED_TEXTURE_READY,furniture/0044_prop_model_044/model.glb,0.1875,0.3076171875,0.0546875,1,1,NATIVE_BINDINGS_METADATA_ONLY,res/field/props/models/prop_model_044.nsbmd
45,prop_model_045,source geometry tall or long surface model 45,source_geometry_prop,READY_GLB,EMBEDDED_TEXTURE_READY,furniture/0045_prop_model_045/model.glb,0.140625,0.248046875,0.0703125,1,1,NATIVE_BINDINGS_METADATA_ONLY,res/field/props/models/prop_model_045.nsbmd
46,prop_model_046,source geometry tall or long surface model 46,source_geometry_prop,READY_GLB,EMBEDDED_TEXTURE_READY,furniture/0046_prop_model_046/model.glb,0.265625,0.421875,0.1171875,1,1,NATIVE_BINDINGS_METADATA_ONLY,res/field/props/models/prop_model_046.nsbmd
47,prop_model_047,source geometry multi-surface mesh model 47,source_geometry_prop,READY_GLB,EMBEDDED_TEXTURE_READY,furniture/0047_prop_model_047/model.glb,0.2583770751953125,0.296875,0.171875,1,1,NATIVE_BINDINGS_METADATA_ONLY,res/field/props/models/prop_model_047.nsbmd
48,prop_model_048,source geometry multi-surface mesh model 48,source_geometry_prop,READY_GLB,EMBEDDED_TEXTURE_READY,furniture/0048_prop_model_048/model.glb,0.2583770751953125,0.296875,0.171875,1,1,NATIVE_BINDINGS_METADATA_ONLY,res/field/props/models/prop_model_048.nsbmd
49,prop_model_049,source geometry multi-surface mesh model 49,source_geometry_prop,READY_GLB,EMBEDDED_TEXTURE_READY,furniture/0049_prop_model_049/model.glb,0.34765625,0.39453125,0.27734375,1,1,NATIVE_BINDINGS_METADATA_ONLY,res/field/props/models/prop_model_049.nsbmd
50,prop_model_050,source geometry compact multi-surface mesh model 50,source_geometry_prop,READY_GLB,NATIVE_MATERIAL_COLOR_READY,furniture/0050_prop_model_050/model.glb,0.296875,0.337890625,0.21875,1,1,NATIVE_BINDINGS_METADATA_ONLY,res/field/props/models/prop_model_050.nsbmd
51,prop_model_051,source geometry multi-surface mesh model 51,source_geometry_prop,READY_GLB,EMBEDDED_TEXTURE_READY,furniture/0051_prop_model_051/model.glb,0.2578125,0.28076171875,0.3359375,1,1,NATIVE_BINDINGS_METADATA_ONLY,res/field/props/models/prop_model_051.nsbmd
52,prop_model_052,source geometry multi-surface mesh model 52,source_geometry_prop,READY_GLB,EMBEDDED_TEXTURE_READY,furniture/0052_prop_model_052/model.glb,0.359375,0.28076171875,0.2421875,1,1,NATIVE_BINDINGS_METADATA_ONLY,res/field/props/models/prop_model_052.nsbmd
53,prop_model_053,source geometry multi-surface mesh model 53,source_geometry_prop,READY_GLB,EMBEDDED_TEXTURE_READY,furniture/0053_prop_model_053/model.glb,0.50494375,0.32757562024054154,0.31472772233470325,1,1,NATIVE_BINDINGS_METADATA_ONLY,res/field/props/models/prop_model_053.nsbmd
54,prop_model_054,source geometry multi-surface mesh model 54,source_geometry_prop,READY_GLB,EMBEDDED_TEXTURE_READY,furniture/0054_prop_model_054/model.glb,0.8515625,0.3714599609375,0.8125,1,1,NATIVE_BINDINGS_METADATA_ONLY,res/field/props/models/prop_model_054.nsbmd
55,prop_model_055,source geometry multi-surface mesh model 55,source_geometry_prop,READY_GLB,EMBEDDED_TEXTURE_READY,furniture/0055_prop_model_055/model.glb,0.228515625,0.248046875,0.109375,1,1,NATIVE_BINDINGS_METADATA_ONLY,res/field/props/models/prop_model_055.nsbmd
56,prop_model_056,source geometry multi-surface mesh model 56,source_geometry_prop,READY_GLB,EMBEDDED_TEXTURE_READY,furniture/0056_prop_model_056/model.glb,0.296875,0.30859375,0.18359375,1,1,NATIVE_BINDINGS_METADATA_ONLY,res/field/props/models/prop_model_056.nsbmd
57,prop_model_057,source geometry compact multi-surface mesh model 57,source_geometry_prop,READY_GLB,NATIVE_MATERIAL_COLOR_READY,furniture/0057_prop_model_057/model.glb,0.234375,0.244140625,0.15625,1,1,NATIVE_BINDINGS_METADATA_ONLY,res/field/props/models/prop_model_057.nsbmd
58,prop_model_058,source geometry compact multi-surface mesh model 58,source_geometry_prop,READY_GLB,NATIVE_MATERIAL_COLOR_READY,furniture/0058_prop_model_058/model.glb,0.296875,0.337890625,0.21875,1,1,NATIVE_BINDINGS_METADATA_ONLY,res/field/props/models/prop_model_058.nsbmd
59,prop_model_059,source geometry compact multi-surface mesh model 59,source_geometry_prop,READY_GLB,NATIVE_MATERIAL_COLOR_READY,furniture/0059_prop_model_059/model.glb,0.296875,0.337890625,0.21875,1,1,NATIVE_BINDINGS_METADATA_ONLY,res/field/props/models/prop_model_059.nsbmd
60,prop_model_060,source geometry compact multi-surface mesh model 60,source_geometry_prop,READY_GLB,NATIVE_MATERIAL_COLOR_READY,furniture/0060_prop_model_060/model.glb,0.21875,0.337890625,0.28125,1,1,NATIVE_BINDINGS_METADATA_ONLY,res/field/props/models/prop_model_060.nsbmd
61,prop_model_061,source geometry compact multi-surface mesh model 61,source_geometry_prop,READY_GLB,EMBEDDED_TEXTURE_READY,furniture/0061_prop_model_061/model.glb,0.25,0.1915130615234375,0.1606903076171875,1,1,NATIVE_BINDINGS_METADATA_ONLY,res/field/props/models/prop_model_061.nsbmd
62,prop_model_062,source geometry multi-surface mesh model 62,source_geometry_prop,READY_GLB,EMBEDDED_TEXTURE_READY,furniture/0062_prop_model_062/model.glb,0.34375,0.328125,0.2109375,1,1,NATIVE_BINDINGS_METADATA_ONLY,res/field/props/models/prop_model_062.nsbmd
63,prop_model_063,source geometry multi-surface mesh model 63,source_geometry_prop,READY_GLB,EMBEDDED_TEXTURE_READY,furniture/0063_prop_model_063/model.glb,0.3984375,0.2890625,0.4921875,1,1,NATIVE_BINDINGS_METADATA_ONLY,res/field/props/models/prop_model_063.nsbmd
64,prop_model_064,source geometry multi-surface mesh model 64,source_geometry_prop,READY_GLB,EMBEDDED_TEXTURE_READY,furniture/0064_prop_model_064/model.glb,0.19921875,0.24609375,0.19921875,1,1,NATIVE_BINDINGS_METADATA_ONLY,res/field/props/models/prop_model_064.nsbmd
65,prop_model_065,source geometry multi-surface mesh model 65,source_geometry_prop,READY_GLB,EMBEDDED_TEXTURE_READY,furniture/0065_prop_model_065/model.glb,0.4491575755250404,0.4843748497576737,0.47225937500000004,1,1,NATIVE_BINDINGS_METADATA_ONLY,res/field/props/models/prop_model_065.nsbmd
66,door01,named source prop door01,named_source_prop_door,READY_GLB,EMBEDDED_TEXTURE_READY,furniture/0066_door01/model.glb,0.30421437500000004,0.4250792024251392,0.060852030270351604,1,1,NATIVE_BINDINGS_METADATA_ONLY,res/field/props/models/door01.nsbmd
67,brown_wooden_door,named source prop brown wooden door,named_source_prop_door,READY_GLB,EMBEDDED_TEXTURE_READY,furniture/0067_brown_wooden_door/model.glb,0.3125,0.453125,0.03125,1,1,NATIVE_BINDINGS_METADATA_ONLY,res/field/props/models/brown_wooden_door.nsbmd
68,green_wooden_door,named source prop green wooden door,named_source_prop_door,READY_GLB,EMBEDDED_TEXTURE_READY,furniture/0068_green_wooden_door/model.glb,0.3125,0.453125,0.03125,1,1,NATIVE_BINDINGS_METADATA_ONLY,res/field/props/models/green_wooden_door.nsbmd
69,iron_door,named source prop iron door,named_source_prop_door,READY_GLB,EMBEDDED_TEXTURE_READY,furniture/0069_iron_door/model.glb,0.3125,0.453125,0.03125,1,1,NATIVE_BINDINGS_METADATA_ONLY,res/field/props/models/iron_door.nsbmd
70,pokecenter_door,named source prop pokecenter door,named_source_prop_door,READY_GLB,EMBEDDED_TEXTURE_READY,furniture/0070_pokecenter_door/model.glb,0.3125,0.453125,0.0,1,0,NATIVE_BINDINGS_METADATA_ONLY,res/field/props/models/pokecenter_door.nsbmd
71,prop_model_071,source geometry multi-surface mesh model 71,source_geometry_prop,READY_GLB,EMBEDDED_TEXTURE_READY,furniture/0071_prop_model_071/model.glb,0.26171875,0.279296875,0.171875,1,1,NATIVE_BINDINGS_METADATA_ONLY,res/field/props/models/prop_model_071.nsbmd
72,prop_model_072,source geometry compact multi-surface mesh model 72,source_geometry_prop,READY_GLB,EMBEDDED_TEXTURE_READY,furniture/0072_prop_model_072/model.glb,0.75,0.0,0.75,1,1,NATIVE_BINDINGS_METADATA_ONLY,res/field/props/models/prop_model_072.nsbmd
73,prop_model_073,source geometry multi-surface mesh model 73,source_geometry_prop,READY_GLB,EMBEDDED_TEXTURE_READY,furniture/0073_prop_model_073/model.glb,0.2421875,0.2734375,0.1171875,1,1,NATIVE_BINDINGS_METADATA_ONLY,res/field/props/models/prop_model_073.nsbmd
74,prop_model_074,source geometry compact multi-surface mesh model 74,source_geometry_prop,READY_GLB,EMBEDDED_TEXTURE_READY,furniture/0074_prop_model_074/model.glb,0.625,0.0,0.5,1,1,NATIVE_BINDINGS_METADATA_ONLY,res/field/props/models/prop_model_074.nsbmd
75,elevator_door,named source prop elevator door,named_source_prop_door,READY_GLB,EMBEDDED_TEXTURE_READY,furniture/0075_elevator_door/model.glb,0.203125,0.25,0.0,1,0,NATIVE_BINDINGS_METADATA_ONLY,res/field/props/models/elevator_door.nsbmd
76,prop_model_076,source geometry tall or long surface model 76,source_geometry_prop,READY_GLB,EMBEDDED_TEXTURE_READY,furniture/0076_prop_model_076/model.glb,0.109375,0.2854766845703125,0.109375,1,1,NATIVE_BINDINGS_METADATA_ONLY,res/field/props/models/prop_model_076.nsbmd
77,prop_model_077,source geometry compact multi-surface mesh model 77,source_geometry_prop,READY_GLB,EMBEDDED_TEXTURE_READY,furniture/0077_prop_model_077/model.glb,0.28125,0.265625,0.4600830078125,1,1,NATIVE_BINDINGS_METADATA_ONLY,res/field/props/models/prop_model_077.nsbmd
78,prop_model_078,source geometry compact multi-surface mesh model 78,source_geometry_prop,READY_GLB,EMBEDDED_TEXTURE_READY,furniture/0078_prop_model_078/model.glb,0.875,0.0,0.5,1,1,NATIVE_BINDINGS_METADATA_ONLY,res/field/props/models/prop_model_078.nsbmd
79,prop_model_079,source geometry tall or long surface model 79,source_geometry_prop,READY_GLB,EMBEDDED_TEXTURE_READY,furniture/0079_prop_model_079/model.glb,0.5,0.453125,0.0625,1,1,NATIVE_BINDINGS_METADATA_ONLY,res/field/props/models/prop_model_079.nsbmd
80,prop_model_080,source geometry multi-surface mesh model 80,source_geometry_prop,READY_GLB,EMBEDDED_TEXTURE_READY,furniture/0080_prop_model_080/model.glb,0.25,0.24609375,0.125,1,1,NATIVE_BINDINGS_METADATA_ONLY,res/field/props/models/prop_model_080.nsbmd
81,prop_model_081,source geometry multi-surface mesh model 81,source_geometry_prop,READY_GLB,EMBEDDED_TEXTURE_READY,furniture/0081_prop_model_081/model.glb,0.125,0.24609375,0.125,1,1,NATIVE_BINDINGS_METADATA_ONLY,res/field/props/models/prop_model_081.nsbmd
82,prop_model_082,source geometry compact multi-surface mesh model 82,source_geometry_prop,READY_GLB,EMBEDDED_TEXTURE_READY,furniture/0082_prop_model_082/model.glb,0.25,0.25390625,0.125,1,1,NATIVE_BINDINGS_METADATA_ONLY,res/field/props/models/prop_model_082.nsbmd
83,prop_model_083,source geometry multi-surface mesh model 83,source_geometry_prop,READY_GLB,EMBEDDED_TEXTURE_READY,furniture/0083_prop_model_083/model.glb,0.5,0.2578125,0.25,1,1,NATIVE_BINDINGS_METADATA_ONLY,res/field/props/models/prop_model_083.nsbmd
84,prop_model_084,source geometry compact multi-surface mesh model 84,source_geometry_prop,READY_GLB,EMBEDDED_TEXTURE_READY,furniture/0084_prop_model_084/model.glb,0.25,0.4765625,0.25,1,1,NATIVE_BINDINGS_METADATA_ONLY,res/field/props/models/prop_model_084.nsbmd
85,prop_model_085,source geometry multi-surface mesh model 85,source_geometry_prop,READY_GLB,EMBEDDED_TEXTURE_READY,furniture/0085_prop_model_085/model.glb,0.125,0.2636871337890625,0.125,1,1,NATIVE_BINDINGS_METADATA_ONLY,res/field/props/models/prop_model_085.nsbmd
86,prop_model_086,source geometry multi-surface mesh model 86,source_geometry_prop,READY_GLB,EMBEDDED_TEXTURE_READY,furniture/0086_prop_model_086/model.glb,0.5,0.375,0.5,1,1,NATIVE_BINDINGS_METADATA_ONLY,res/field/props/models/prop_model_086.nsbmd
87,prop_model_087,source geometry multi-surface mesh model 87,source_geometry_prop,READY_GLB,EMBEDDED_TEXTURE_READY,furniture/0087_prop_model_087/model.glb,0.5625,0.2578125,0.4375,1,1,NATIVE_BINDINGS_METADATA_ONLY,res/field/props/models/prop_model_087.nsbmd
88,prop_model_088,source geometry tall or long surface model 88,source_geometry_prop,READY_GLB,EMBEDDED_TEXTURE_READY,furniture/0088_prop_model_088/model.glb,0.5,0.0625,0.5,1,1,NATIVE_BINDINGS_METADATA_ONLY,res/field/props/models/prop_model_088.nsbmd
89,prop_model_089,source geometry multi-surface mesh model 89,source_geometry_prop,READY_GLB,EMBEDDED_TEXTURE_READY,furniture/0089_prop_model_089/model.glb,0.25,0.24609375,0.125,1,1,NATIVE_BINDINGS_METADATA_ONLY,res/field/props/models/prop_model_089.nsbmd
90,prop_model_090,source geometry compact multi-surface mesh model 90,source_geometry_prop,READY_GLB,EMBEDDED_TEXTURE_READY,furniture/0090_prop_model_090/model.glb,0.25,0.3125,0.0,1,0,NATIVE_BINDINGS_METADATA_ONLY,res/field/props/models/prop_model_090.nsbmd
91,prop_model_091,source geometry tall or long surface model 91,source_geometry_prop,READY_GLB,EMBEDDED_TEXTURE_READY,furniture/0091_prop_model_091/model.glb,0.21875,0.140625,0.71875,1,1,NATIVE_BINDINGS_METADATA_ONLY,res/field/props/models/prop_model_091.nsbmd
92,prop_model_092,source geometry tall or long surface model 92,source_geometry_prop,READY_GLB,EMBEDDED_TEXTURE_READY,furniture/0092_prop_model_092/model.glb,0.5,0.0625,0.5,1,1,NATIVE_BINDINGS_METADATA_ONLY,res/field/props/models/prop_model_092.nsbmd
93,prop_model_093,source geometry multi-surface mesh model 93,source_geometry_prop,READY_GLB,EMBEDDED_TEXTURE_READY,furniture/0093_prop_model_093/model.glb,0.3125152587890625,0.2578125,0.4375,1,1,NATIVE_BINDINGS_METADATA_ONLY,res/field/props/models/prop_model_093.nsbmd
94,prop_model_094,source geometry compact multi-surface mesh model 94,source_geometry_prop,READY_GLB,EMBEDDED_TEXTURE_READY,furniture/0094_prop_model_094/model.glb,0.5,0.203125,0.4375,1,1,NATIVE_BINDINGS_METADATA_ONLY,res/field/props/models/prop_model_094.nsbmd
95,prop_model_095,source geometry compact multi-surface mesh model 95,source_geometry_prop,READY_GLB,EMBEDDED_TEXTURE_READY,furniture/0095_prop_model_095/model.glb,0.40625,0.3125,0.0,1,0,NATIVE_BINDINGS_METADATA_ONLY,res/field/props/models/prop_model_095.nsbmd
96,prop_model_096,source geometry compact multi-surface mesh model 96,source_geometry_prop,READY_GLB,EMBEDDED_TEXTURE_READY,furniture/0096_prop_model_096/model.glb,0.21875,0.3125,0.0,1,0,NATIVE_BINDINGS_METADATA_ONLY,res/field/props/models/prop_model_096.nsbmd
97,prop_model_097,source geometry tall or long surface model 97,source_geometry_prop,READY_GLB,EMBEDDED_TEXTURE_READY,furniture/0097_prop_model_097/model.glb,0.591827392578125,0.0625,0.108245849609375,1,1,NATIVE_BINDINGS_METADATA_ONLY,res/field/props/models/prop_model_097.nsbmd
98,prop_model_098,source geometry tall or long surface model 98,source_geometry_prop,READY_GLB,EMBEDDED_TEXTURE_READY,furniture/0098_prop_model_098/model.glb,0.466827392578125,0.0625,0.108245849609375,1,1,NATIVE_BINDINGS_METADATA_ONLY,res/field/props/models/prop_model_098.nsbmd
99,prop_model_099,source geometry tall or long surface model 99,source_geometry_prop,READY_GLB,EMBEDDED_TEXTURE_READY,furniture/0099_prop_model_099/model.glb,0.1250000113442995,0.0,0.5918274462890626,1,1,NATIVE_BINDINGS_METADATA_ONLY,res/field/props/models/prop_model_099.nsbmd
100,prop_model_100,source geometry compact multi-surface mesh model 100,source_geometry_prop,READY_GLB,EMBEDDED_TEXTURE_READY,furniture/0100_prop_model_100/model.glb,0.484375,0.28125,0.375,1,1,NATIVE_BINDINGS_METADATA_ONLY,res/field/props/models/prop_model_100.nsbmd
101,prop_model_101,source geometry tall or long surface model 101,source_geometry_prop,READY_GLB,EMBEDDED_TEXTURE_READY,furniture/0101_prop_model_101/model.glb,0.5,0.07421875,0.0859375,1,1,NATIVE_BINDINGS_METADATA_ONLY,res/field/props/models/prop_model_101.nsbmd
102,prop_model_102,source geometry compact multi-surface mesh model 102,source_geometry_prop,READY_GLB,NATIVE_MATERIAL_COLOR_READY,furniture/0102_prop_model_102/model.glb,0.21875,0.25,0.21875,1,1,NATIVE_BINDINGS_METADATA_ONLY,res/field/props/models/prop_model_102.nsbmd
103,prop_model_103,source geometry compact multi-surface mesh model 103,source_geometry_prop,READY_GLB,EMBEDDED_TEXTURE_READY,furniture/0103_prop_model_103/model.glb,0.5,0.0,0.875,1,1,NATIVE_BINDINGS_METADATA_ONLY,res/field/props/models/prop_model_103.nsbmd
104,prop_model_104,source geometry multi-surface mesh model 104,source_geometry_prop,READY_GLB,EMBEDDED_TEXTURE_READY,furniture/0104_prop_model_104/model.glb,0.2578125,0.29296875,0.234375,1,1,NATIVE_BINDINGS_METADATA_ONLY,res/field/props/models/prop_model_104.nsbmd
105,prop_model_105,source geometry multi-surface mesh model 105,source_geometry_prop,READY_GLB,EMBEDDED_TEXTURE_READY,furniture/0105_prop_model_105/model.glb,0.4375,0.40625,0.46875,1,1,NATIVE_BINDINGS_METADATA_ONLY,res/field/props/models/prop_model_105.nsbmd
106,prop_model_106,source geometry tall or long surface model 106,source_geometry_prop,READY_GLB,EMBEDDED_TEXTURE_READY,furniture/0106_prop_model_106/model.glb,0.484375,0.2421875,0.625,1,1,NATIVE_BINDINGS_METADATA_ONLY,res/field/props/models/prop_model_106.nsbmd
107,prop_model_107,source geometry tall or long surface model 107,source_geometry_prop,READY_GLB,EMBEDDED_TEXTURE_READY,furniture/0107_prop_model_107/model.glb,0.0234375,0.171875,0.0,1,0,NATIVE_BINDINGS_METADATA_ONLY,res/field/props/models/prop_model_107.nsbmd
108,prop_model_108,source geometry tall or long surface model 108,source_geometry_prop,READY_GLB,EMBEDDED_TEXTURE_READY,furniture/0108_prop_model_108/model.glb,0.109375,0.0,0.671875,1,1,NATIVE_BINDINGS_METADATA_ONLY,res/field/props/models/prop_model_108.nsbmd
109,prop_model_109,source geometry compact multi-surface mesh model 109,source_geometry_prop,READY_GLB,EMBEDDED_TEXTURE_READY,furniture/0109_prop_model_109/model.glb,0.15625,0.0,0.3671875,1,1,NATIVE_BINDINGS_METADATA_ONLY,res/field/props/models/prop_model_109.nsbmd
110,prop_model_110,source geometry multi-surface mesh model 110,source_geometry_prop,READY_GLB,EMBEDDED_TEXTURE_READY,furniture/0110_prop_model_110/model.glb,0.234375,0.31640625,0.271484375,1,1,NATIVE_BINDINGS_METADATA_ONLY,res/field/props/models/prop_model_110.nsbmd
111,prop_model_111,source geometry tall or long surface model 111,source_geometry_prop,READY_GLB,EMBEDDED_TEXTURE_READY,furniture/0111_prop_model_111/model.glb,0.5,0.0625,0.5,1,1,NATIVE_BINDINGS_METADATA_ONLY,res/field/props/models/prop_model_111.nsbmd
112,desk_drawer_laptop,named source prop desk drawer laptop,named_source_prop_desk,READY_GLB,EMBEDDED_TEXTURE_READY,furniture/0112_desk_drawer_laptop/model.glb,0.5,0.4609375,0.25,1,1,NATIVE_BINDINGS_METADATA_ONLY,res/field/props/models/desk_drawer_laptop.nsbmd
113,prop_model_113,source geometry multi-surface mesh model 113,source_geometry_prop,READY_GLB,EMBEDDED_TEXTURE_READY,furniture/0113_prop_model_113/model.glb,0.234375,0.421875,0.234375,1,1,NATIVE_BINDINGS_METADATA_ONLY,res/field/props/models/prop_model_113.nsbmd
114,prop_model_114,source geometry multi-surface mesh model 114,source_geometry_prop,READY_GLB,EMBEDDED_TEXTURE_READY,furniture/0114_prop_model_114/model.glb,0.29559309166595327,0.356475625,0.2559812980481123,1,1,NATIVE_BINDINGS_METADATA_ONLY,res/field/props/models/prop_model_114.nsbmd
115,desk_drawer_laptop_facing_right,named source prop desk drawer laptop facing right,named_source_prop_desk,READY_GLB,EMBEDDED_TEXTURE_READY,furniture/0115_desk_drawer_laptop_facing_right/model.glb,0.25,0.3747711181640625,0.453125,1,1,NATIVE_BINDINGS_METADATA_ONLY,res/field/props/models/desk_drawer_laptop_facing_right.nsbmd
116,prop_model_116,source geometry tall or long surface model 116,source_geometry_prop,READY_GLB,EMBEDDED_TEXTURE_READY,furniture/0116_prop_model_116/model.glb,0.5163421630859375,0.1953125,0.484375,1,1,NATIVE_BINDINGS_METADATA_ONLY,res/field/props/models/prop_model_116.nsbmd
117,prop_model_117,source geometry compact multi-surface mesh model 117,source_geometry_prop,READY_GLB,EMBEDDED_TEXTURE_READY,furniture/0117_prop_model_117/model.glb,0.5,0.0,0.5,1,1,NATIVE_BINDINGS_METADATA_ONLY,res/field/props/models/prop_model_117.nsbmd
118,prop_model_118,source geometry compact multi-surface mesh model 118,source_geometry_prop,READY_GLB,EMBEDDED_TEXTURE_READY,furniture/0118_prop_model_118/model.glb,0.5,0.0,0.5,1,1,NATIVE_BINDINGS_METADATA_ONLY,res/field/props/models/prop_model_118.nsbmd
119,pokecenter_pc,named source prop pokecenter pc,named_source_prop_pc,READY_GLB,EMBEDDED_TEXTURE_READY,furniture/0119_pokecenter_pc/model.glb,0.1573793096899006,0.27014187500000003,0.11811840569221646,1,1,NATIVE_BINDINGS_METADATA_ONLY,res/field/props/models/pokecenter_pc.nsbmd
120,prop_model_120,source geometry tall or long surface model 120,source_geometry_prop,READY_GLB,EMBEDDED_TEXTURE_READY,furniture/0120_prop_model_120/model.glb,0.16780102164437316,0.394699375,0.14875803946630844,1,1,NATIVE_BINDINGS_METADATA_ONLY,res/field/props/models/prop_model_120.nsbmd
121,prop_model_121,source geometry multi-surface mesh model 121,source_geometry_prop,READY_GLB,EMBEDDED_TEXTURE_READY,furniture/0121_prop_model_121/model.glb,0.234375,0.2421875,0.109375,1,1,NATIVE_BINDINGS_METADATA_ONLY,res/field/props/models/prop_model_121.nsbmd
122,prop_model_122,source geometry tall or long surface model 122,source_geometry_prop,READY_GLB,EMBEDDED_TEXTURE_READY,furniture/0122_prop_model_122/model.glb,0.291595458984375,0.346221923828125,0.78125,1,1,NATIVE_BINDINGS_METADATA_ONLY,res/field/props/models/prop_model_122.nsbmd
123,pokecenter_healing_machine,named source prop pokecenter healing machine,named_source_prop_object,READY_GLB,EMBEDDED_TEXTURE_READY,furniture/0123_pokecenter_healing_machine/model.glb,0.4375,0.390625,0.5625,1,1,NATIVE_BINDINGS_METADATA_ONLY,res/field/props/models/pokecenter_healing_machine.nsbmd
124,pokecenter_healing_machine_tv,named source prop pokecenter healing machine tv,named_source_prop_tv,READY_GLB,EMBEDDED_TEXTURE_READY,furniture/0124_pokecenter_healing_machine_tv/model.glb,0.5,0.375,0.03125,1,1,NATIVE_BINDINGS_METADATA_ONLY,res/field/props/models/pokecenter_healing_machine_tv.nsbmd
125,prop_model_125,source geometry compact multi-surface mesh model 125,source_geometry_prop,READY_GLB,NATIVE_MATERIAL_COLOR_READY,furniture/0125_prop_model_125/model.glb,0.21875,0.25,0.21875,1,1,NATIVE_BINDINGS_METADATA_ONLY,res/field/props/models/prop_model_125.nsbmd
126,prop_model_126,source geometry compact multi-surface mesh model 126,source_geometry_prop,READY_GLB,NATIVE_MATERIAL_COLOR_READY,furniture/0126_prop_model_126/model.glb,0.21875,0.25,0.21875,1,1,NATIVE_BINDINGS_METADATA_ONLY,res/field/props/models/prop_model_126.nsbmd
127,prop_model_127,source geometry compact multi-surface mesh model 127,source_geometry_prop,READY_GLB,NATIVE_MATERIAL_COLOR_READY,furniture/0127_prop_model_127/model.glb,0.21875,0.25,0.21875,1,1,NATIVE_BINDINGS_METADATA_ONLY,res/field/props/models/prop_model_127.nsbmd
128,pokecenter_inside_counter_door,named source prop pokecenter inside counter door,named_source_prop_counter,READY_GLB,EMBEDDED_TEXTURE_READY,furniture/0128_pokecenter_inside_counter_door/model.glb,0.46875,0.34375,0.09375,1,1,NATIVE_BINDINGS_METADATA_ONLY,res/field/props/models/pokecenter_inside_counter_door.nsbmd
129,prop_model_129,source geometry compact multi-surface mesh model 129,source_geometry_prop,READY_GLB,NATIVE_MATERIAL_COLOR_READY,furniture/0129_prop_model_129/model.glb,0.21875,0.25,0.21875,1,1,NATIVE_BINDINGS_METADATA_ONLY,res/field/props/models/prop_model_129.nsbmd
130,pokecenter_stair_up_left,named source prop pokecenter stair up left,named_source_prop_object,READY_GLB,EMBEDDED_TEXTURE_READY,furniture/0130_pokecenter_stair_up_left/model.glb,0.25,0.28125,0.25,1,1,NATIVE_BINDINGS_METADATA_ONLY,res/field/props/models/pokecenter_stair_up_left.nsbmd
131,pokecenter_stair_down_left,named source prop pokecenter stair down left,named_source_prop_object,READY_GLB,EMBEDDED_TEXTURE_READY,furniture/0131_pokecenter_stair_down_left/model.glb,0.5,0.625,0.5,1,1,NATIVE_BINDINGS_METADATA_ONLY,res/field/props/models/pokecenter_stair_down_left.nsbmd
132,prop_model_132,source geometry multi-surface mesh model 132,source_geometry_prop,READY_GLB,EMBEDDED_TEXTURE_READY,furniture/0132_prop_model_132/model.glb,0.46875,0.375,0.375,1,1,NATIVE_BINDINGS_METADATA_ONLY,res/field/props/models/prop_model_132.nsbmd
133,prop_model_133,source geometry compact multi-surface mesh model 133,source_geometry_prop,READY_GLB,NATIVE_MATERIAL_COLOR_READY,furniture/0133_prop_model_133/model.glb,0.21875,0.25,0.21875,1,1,NATIVE_BINDINGS_METADATA_ONLY,res/field/props/models/prop_model_133.nsbmd
134,prop_model_134,source geometry compact multi-surface mesh model 134,source_geometry_prop,READY_GLB,NATIVE_MATERIAL_COLOR_READY,furniture/0134_prop_model_134/model.glb,0.21875,0.25,0.21875,1,1,NATIVE_BINDINGS_METADATA_ONLY,res/field/props/models/prop_model_134.nsbmd
135,prop_model_135,source geometry multi-surface mesh model 135,source_geometry_prop,READY_GLB,EMBEDDED_TEXTURE_READY,furniture/0135_prop_model_135/model.glb,0.46875,0.3125,0.25,1,1,NATIVE_BINDINGS_METADATA_ONLY,res/field/props/models/prop_model_135.nsbmd
136,prop_model_136,source geometry multi-surface mesh model 136,source_geometry_prop,READY_GLB,EMBEDDED_TEXTURE_READY,furniture/0136_prop_model_136/model.glb,0.265625,0.3125,0.484375,1,1,NATIVE_BINDINGS_METADATA_ONLY,res/field/props/models/prop_model_136.nsbmd
137,prop_model_137,source geometry compact multi-surface mesh model 137,source_geometry_prop,READY_GLB,EMBEDDED_TEXTURE_READY,furniture/0137_prop_model_137/model.glb,0.4375,0.5,0.0,1,0,NATIVE_BINDINGS_METADATA_ONLY,res/field/props/models/prop_model_137.nsbmd
138,prop_model_138,source geometry tall or long surface model 138,source_geometry_prop,READY_GLB,EMBEDDED_TEXTURE_READY,furniture/0138_prop_model_138/model.glb,0.5,0.0625,0.5,1,1,NATIVE_BINDINGS_METADATA_ONLY,res/field/props/models/prop_model_138.nsbmd
139,prop_model_139,source geometry tall or long surface model 139,source_geometry_prop,READY_GLB,EMBEDDED_TEXTURE_READY,furniture/0139_prop_model_139/model.glb,0.5,0.0625,0.5,1,1,NATIVE_BINDINGS_METADATA_ONLY,res/field/props/models/prop_model_139.nsbmd
140,prop_model_140,source geometry tall or long surface model 140,source_geometry_prop,READY_GLB,EMBEDDED_TEXTURE_READY,furniture/0140_prop_model_140/model.glb,0.5,0.0625,0.5,1,1,NATIVE_BINDINGS_METADATA_ONLY,res/field/props/models/prop_model_140.nsbmd
141,prop_model_141,source geometry compact multi-surface mesh model 141,source_geometry_prop,READY_GLB,NATIVE_MATERIAL_COLOR_READY,furniture/0141_prop_model_141/model.glb,0.21875,0.25,0.21875,1,1,NATIVE_BINDINGS_METADATA_ONLY,res/field/props/models/prop_model_141.nsbmd
142,prop_model_142,source geometry compact multi-surface mesh model 142,source_geometry_prop,READY_GLB,NATIVE_MATERIAL_COLOR_READY,furniture/0142_prop_model_142/model.glb,0.21875,0.25,0.21875,1,1,NATIVE_BINDINGS_METADATA_ONLY,res/field/props/models/prop_model_142.nsbmd
143,prop_model_143,source geometry compact multi-surface mesh model 143,source_geometry_prop,READY_GLB,NATIVE_MATERIAL_COLOR_READY,furniture/0143_prop_model_143/model.glb,0.21875,0.25,0.21875,1,1,NATIVE_BINDINGS_METADATA_ONLY,res/field/props/models/prop_model_143.nsbmd
144,prop_model_144,source geometry compact multi-surface mesh model 144,source_geometry_prop,READY_GLB,NATIVE_MATERIAL_COLOR_READY,furniture/0144_prop_model_144/model.glb,0.21875,0.25,0.21875,1,1,NATIVE_BINDINGS_METADATA_ONLY,res/field/props/models/prop_model_144.nsbmd
145,prop_model_145,source geometry compact multi-surface mesh model 145,source_geometry_prop,READY_GLB,NATIVE_MATERIAL_COLOR_READY,furniture/0145_prop_model_145/model.glb,0.375,0.375,0.3125,1,1,NATIVE_BINDINGS_METADATA_ONLY,res/field/props/models/prop_model_145.nsbmd
146,prop_model_146,source geometry tall or long surface model 146,source_geometry_prop,READY_GLB,EMBEDDED_TEXTURE_READY,furniture/0146_prop_model_146/model.glb,0.28431472848232425,0.43270875000000003,0.1309030576974209,1,1,NATIVE_BINDINGS_METADATA_ONLY,res/field/props/models/prop_model_146.nsbmd
147,prop_model_147,source geometry multi-surface mesh model 147,source_geometry_prop,READY_GLB,EMBEDDED_TEXTURE_READY,furniture/0147_prop_model_147/model.glb,0.71875,0.33203125,0.33203125,1,1,NATIVE_BINDINGS_METADATA_ONLY,res/field/props/models/prop_model_147.nsbmd
148,prop_model_148,source geometry multi-surface mesh model 148,source_geometry_prop,READY_GLB,EMBEDDED_TEXTURE_READY,furniture/0148_prop_model_148/model.glb,0.5,0.27703857421875,0.328125,1,1,NATIVE_BINDINGS_METADATA_ONLY,res/field/props/models/prop_model_148.nsbmd
149,prop_model_149,source geometry multi-surface mesh model 149,source_geometry_prop,READY_GLB,EMBEDDED_TEXTURE_READY,furniture/0149_prop_model_149/model.glb,0.125,0.24609375,0.125,1,1,NATIVE_BINDINGS_METADATA_ONLY,res/field/props/models/prop_model_149.nsbmd
150,prop_model_150,source geometry tall or long surface model 150,source_geometry_prop,READY_GLB,EMBEDDED_TEXTURE_READY,furniture/0150_prop_model_150/model.glb,0.5,0.0625,0.5,1,1,NATIVE_BINDINGS_METADATA_ONLY,res/field/props/models/prop_model_150.nsbmd
151,prop_model_151,source geometry compact multi-surface mesh model 151,source_geometry_prop,READY_GLB,EMBEDDED_TEXTURE_READY,furniture/0151_prop_model_151/model.glb,0.25,0.3125,0.0,1,0,NATIVE_BINDINGS_METADATA_ONLY,res/field/props/models/prop_model_151.nsbmd
152,prop_model_152,source geometry multi-surface mesh model 152,source_geometry_prop,READY_GLB,EMBEDDED_TEXTURE_READY,furniture/0152_prop_model_152/model.glb,0.15625,0.2702178955078125,0.1796875,1,1,NATIVE_BINDINGS_METADATA_ONLY,res/field/props/models/prop_model_152.nsbmd
153,prop_model_153,source geometry compact multi-surface mesh model 153,source_geometry_prop,READY_GLB,NATIVE_MATERIAL_COLOR_READY,furniture/0153_prop_model_153/model.glb,0.21875,0.25,0.21875,1,1,NATIVE_BINDINGS_METADATA_ONLY,res/field/props/models/prop_model_153.nsbmd
154,prop_model_154,source geometry tall or long surface model 154,source_geometry_prop,READY_GLB,EMBEDDED_TEXTURE_READY,furniture/0154_prop_model_154/model.glb,0.6875,0.0,0.25,1,1,NATIVE_BINDINGS_METADATA_ONLY,res/field/props/models/prop_model_154.nsbmd
155,prop_model_155,source geometry multi-surface mesh model 155,source_geometry_prop,READY_GLB,EMBEDDED_TEXTURE_READY,furniture/0155_prop_model_155/model.glb,0.2578125,0.29296875,0.234375,1,1,NATIVE_BINDINGS_METADATA_ONLY,res/field/props/models/prop_model_155.nsbmd
156,prop_model_156,source geometry multi-surface mesh model 156,source_geometry_prop,READY_GLB,EMBEDDED_TEXTURE_READY,furniture/0156_prop_model_156/model.glb,0.4375,0.40625,0.46875,1,1,NATIVE_BINDINGS_METADATA_ONLY,res/field/props/models/prop_model_156.nsbmd
157,prop_model_157,source geometry compact multi-surface mesh model 157,source_geometry_prop,READY_GLB,EMBEDDED_TEXTURE_READY,furniture/0157_prop_model_157/model.glb,0.21875,0.0,0.4375,1,1,NATIVE_BINDINGS_METADATA_ONLY,res/field/props/models/prop_model_157.nsbmd
158,prop_model_158,source geometry multi-surface mesh model 158,source_geometry_prop,READY_GLB,EMBEDDED_TEXTURE_READY,furniture/0158_prop_model_158/model.glb,0.234375,0.421875,0.236724853515625,1,1,NATIVE_BINDINGS_METADATA_ONLY,res/field/props/models/prop_model_158.nsbmd
159,prop_model_159,source geometry multi-surface mesh model 159,source_geometry_prop,READY_GLB,EMBEDDED_TEXTURE_READY,furniture/0159_prop_model_159/model.glb,0.46875,0.375,0.375,1,1,NATIVE_BINDINGS_METADATA_ONLY,res/field/props/models/prop_model_159.nsbmd
160,prop_model_160,source geometry multi-surface mesh model 160,source_geometry_prop,READY_GLB,EMBEDDED_TEXTURE_READY,furniture/0160_prop_model_160/model.glb,0.265625,0.3125,0.484375,1,1,NATIVE_BINDINGS_METADATA_ONLY,res/field/props/models/prop_model_160.nsbmd
161,prop_model_161,source geometry multi-surface mesh model 161,source_geometry_prop,READY_GLB,EMBEDDED_TEXTURE_READY,furniture/0161_prop_model_161/model.glb,0.2421875,0.2578125,0.140625,1,1,NATIVE_BINDINGS_METADATA_ONLY,res/field/props/models/prop_model_161.nsbmd
162,prop_model_162,source geometry compact multi-surface mesh model 162,source_geometry_prop,READY_GLB,EMBEDDED_TEXTURE_READY,furniture/0162_prop_model_162/model.glb,0.5,0.0,0.5,1,1,NATIVE_BINDINGS_METADATA_ONLY,res/field/props/models/prop_model_162.nsbmd
163,prop_model_163,source geometry multi-surface mesh model 163,source_geometry_prop,READY_GLB,EMBEDDED_TEXTURE_READY,furniture/0163_prop_model_163/model.glb,0.5,0.390625,0.5,1,1,NATIVE_BINDINGS_METADATA_ONLY,res/field/props/models/prop_model_163.nsbmd
164,prop_model_164,source geometry tall or long surface model 164,source_geometry_prop,READY_GLB,EMBEDDED_TEXTURE_READY,furniture/0164_prop_model_164/model.glb,0.5,0.1953125,0.25,1,1,NATIVE_BINDINGS_METADATA_ONLY,res/field/props/models/prop_model_164.nsbmd
165,prop_model_165,source geometry tall or long surface model 165,source_geometry_prop,READY_GLB,EMBEDDED_TEXTURE_READY,furniture/0165_prop_model_165/model.glb,0.75,0.1953125,0.25,1,1,NATIVE_BINDINGS_METADATA_ONLY,res/field/props/models/prop_model_165.nsbmd
166,prop_model_166,source geometry tall or long surface model 166,source_geometry_prop,READY_GLB,EMBEDDED_TEXTURE_READY,furniture/0166_prop_model_166/model.glb,0.5,0.09765625,0.125,1,1,NATIVE_BINDINGS_METADATA_ONLY,res/field/props/models/prop_model_166.nsbmd
167,prop_model_167,source geometry tall or long surface model 167,source_geometry_prop,READY_GLB,EMBEDDED_TEXTURE_READY,furniture/0167_prop_model_167/model.glb,0.25,0.1953125,0.5,1,1,NATIVE_BINDINGS_METADATA_ONLY,res/field/props/models/prop_model_167.nsbmd
168,prop_model_168,source geometry tall or long surface model 168,source_geometry_prop,READY_GLB,EMBEDDED_TEXTURE_READY,furniture/0168_prop_model_168/model.glb,0.5,0.1953125,0.5,1,1,NATIVE_BINDINGS_METADATA_ONLY,res/field/props/models/prop_model_168.nsbmd
169,prop_model_169,source geometry tall or long surface model 169,source_geometry_prop,READY_GLB,EMBEDDED_TEXTURE_READY,furniture/0169_prop_model_169/model.glb,0.75,0.1953125,0.5,1,1,NATIVE_BINDINGS_METADATA_ONLY,res/field/props/models/prop_model_169.nsbmd
170,prop_model_170,source geometry tall or long surface model 170,source_geometry_prop,READY_GLB,EMBEDDED_TEXTURE_READY,furniture/0170_prop_model_170/model.glb,0.5,0.09765625,0.25,1,1,NATIVE_BINDINGS_METADATA_ONLY,res/field/props/models/prop_model_170.nsbmd
171,prop_model_171,source geometry tall or long surface model 171,source_geometry_prop,READY_GLB,EMBEDDED_TEXTURE_READY,furniture/0171_prop_model_171/model.glb,0.25,0.1953125,0.75,1,1,NATIVE_BINDINGS_METADATA_ONLY,res/field/props/models/prop_model_171.nsbmd
172,prop_model_172,source geometry tall or long surface model 172,source_geometry_prop,READY_GLB,EMBEDDED_TEXTURE_READY,furniture/0172_prop_model_172/model.glb,0.5,0.1953125,0.75,1,1,NATIVE_BINDINGS_METADATA_ONLY,res/field/props/models/prop_model_172.nsbmd
173,prop_model_173,source geometry tall or long surface model 173,source_geometry_prop,READY_GLB,EMBEDDED_TEXTURE_READY,furniture/0173_prop_model_173/model.glb,0.75,0.1953125,0.75,1,1,NATIVE_BINDINGS_METADATA_ONLY,res/field/props/models/prop_model_173.nsbmd
174,prop_model_174,source geometry tall or long surface model 174,source_geometry_prop,READY_GLB,EMBEDDED_TEXTURE_READY,furniture/0174_prop_model_174/model.glb,0.5,0.09765625,0.375,1,1,NATIVE_BINDINGS_METADATA_ONLY,res/field/props/models/prop_model_174.nsbmd
175,prop_model_175,source geometry compact multi-surface mesh model 175,source_geometry_prop,READY_GLB,EMBEDDED_TEXTURE_READY,furniture/0175_prop_model_175/model.glb,0.59375,0.296875,0.65625,1,1,NATIVE_BINDINGS_METADATA_ONLY,res/field/props/models/prop_model_175.nsbmd
176,prop_model_176,source geometry multi-surface mesh model 176,source_geometry_prop,READY_GLB,EMBEDDED_TEXTURE_READY,furniture/0176_prop_model_176/model.glb,0.22969041800618706,0.25155625,0.17498769107121193,1,1,NATIVE_BINDINGS_METADATA_ONLY,res/field/props/models/prop_model_176.nsbmd
177,prop_model_177,source geometry multi-surface mesh model 177,source_geometry_prop,READY_GLB,EMBEDDED_TEXTURE_READY,furniture/0177_prop_model_177/model.glb,0.2421875,0.2578125,0.1328125,1,1,NATIVE_BINDINGS_METADATA_ONLY,res/field/props/models/prop_model_177.nsbmd
178,prop_model_178,source geometry compact multi-surface mesh model 178,source_geometry_prop,READY_GLB,EMBEDDED_TEXTURE_READY,furniture/0178_prop_model_178/model.glb,0.5,0.0,0.5,1,1,NATIVE_BINDINGS_METADATA_ONLY,res/field/props/models/prop_model_178.nsbmd
179,prop_model_179,source geometry multi-surface mesh model 179,source_geometry_prop,READY_GLB,EMBEDDED_TEXTURE_READY,furniture/0179_prop_model_179/model.glb,0.515625,0.3125,0.484375,1,1,NATIVE_BINDINGS_METADATA_ONLY,res/field/props/models/prop_model_179.nsbmd
180,prop_model_180,source geometry compact multi-surface mesh model 180,source_geometry_prop,READY_GLB,EMBEDDED_TEXTURE_READY,furniture/0180_prop_model_180/model.glb,0.5,0.0,0.5,1,1,NATIVE_BINDINGS_METADATA_ONLY,res/field/props/models/prop_model_180.nsbmd
181,prop_model_181,source geometry compact multi-surface mesh model 181,source_geometry_prop,READY_GLB,EMBEDDED_TEXTURE_READY,furniture/0181_prop_model_181/model.glb,0.5,0.0,0.5,1,1,NATIVE_BINDINGS_METADATA_ONLY,res/field/props/models/prop_model_181.nsbmd
182,prop_model_182,source geometry multi-surface mesh model 182,source_geometry_prop,READY_GLB,EMBEDDED_TEXTURE_READY,furniture/0182_prop_model_182/model.glb,0.25,0.24609375,0.125,1,1,NATIVE_BINDINGS_METADATA_ONLY,res/field/props/models/prop_model_182.nsbmd
183,prop_model_183,source geometry multi-surface mesh model 183,source_geometry_prop,READY_GLB,EMBEDDED_TEXTURE_READY,furniture/0183_prop_model_183/model.glb,0.25,0.24609375,0.125,1,1,NATIVE_BINDINGS_METADATA_ONLY,res/field/props/models/prop_model_183.nsbmd
184,prop_model_184,source geometry multi-surface mesh model 184,source_geometry_prop,READY_GLB,EMBEDDED_TEXTURE_READY,furniture/0184_prop_model_184/model.glb,0.125,0.24609375,0.125,1,1,NATIVE_BINDINGS_METADATA_ONLY,res/field/props/models/prop_model_184.nsbmd
185,prop_model_185,source geometry multi-surface mesh model 185,source_geometry_prop,READY_GLB,EMBEDDED_TEXTURE_READY,furniture/0185_prop_model_185/model.glb,0.125,0.24609375,0.125,1,1,NATIVE_BINDINGS_METADATA_ONLY,res/field/props/models/prop_model_185.nsbmd
186,prop_model_186,source geometry multi-surface mesh model 186,source_geometry_prop,READY_GLB,EMBEDDED_TEXTURE_READY,furniture/0186_prop_model_186/model.glb,0.166015625,0.37890625,0.3149566650390625,1,1,NATIVE_BINDINGS_METADATA_ONLY,res/field/props/models/prop_model_186.nsbmd
187,prop_model_187,source geometry compact multi-surface mesh model 187,source_geometry_prop,READY_GLB,EMBEDDED_TEXTURE_READY,furniture/0187_prop_model_187/model.glb,0.484375,0.28125,0.375,1,1,NATIVE_BINDINGS_METADATA_ONLY,res/field/props/models/prop_model_187.nsbmd
188,prop_model_188,source geometry multi-surface mesh model 188,source_geometry_prop,READY_GLB,EMBEDDED_TEXTURE_READY,furniture/0188_prop_model_188/model.glb,0.29296875,0.306640625,0.1953125,1,1,NATIVE_BINDINGS_METADATA_ONLY,res/field/props/models/prop_model_188.nsbmd
189,prop_model_189,source geometry multi-surface mesh model 189,source_geometry_prop,READY_GLB,EMBEDDED_TEXTURE_READY,furniture/0189_prop_model_189/model.glb,0.2734375,0.279327392578125,0.30859375,1,1,NATIVE_BINDINGS_METADATA_ONLY,res/field/props/models/prop_model_189.nsbmd
190,prop_model_190,source geometry multi-surface mesh model 190,source_geometry_prop,READY_GLB,EMBEDDED_TEXTURE_READY,furniture/0190_prop_model_190/model.glb,0.34375,0.43359375,0.27734375,1,1,NATIVE_BINDINGS_METADATA_ONLY,res/field/props/models/prop_model_190.nsbmd
191,prop_model_191,source geometry compact multi-surface mesh model 191,source_geometry_prop,READY_GLB,EMBEDDED_TEXTURE_READY,furniture/0191_prop_model_191/model.glb,0.24992375,0.2670441143384822,0.4606934403809757,1,1,NATIVE_BINDINGS_METADATA_ONLY,res/field/props/models/prop_model_191.nsbmd
192,prop_model_192,source geometry compact multi-surface mesh model 192,source_geometry_prop,READY_GLB,EMBEDDED_TEXTURE_READY,furniture/0192_prop_model_192/model.glb,0.25,0.3515625,0.1875,1,1,NATIVE_BINDINGS_METADATA_ONLY,res/field/props/models/prop_model_192.nsbmd
193,prop_model_193,source geometry multi-surface mesh model 193,source_geometry_prop,READY_GLB,EMBEDDED_TEXTURE_READY,furniture/0193_prop_model_193/model.glb,0.535919375,0.37719739621889414,0.4686891271140596,1,1,NATIVE_BINDINGS_METADATA_ONLY,res/field/props/models/prop_model_193.nsbmd
194,prop_model_194,source geometry multi-surface mesh model 194,source_geometry_prop,READY_GLB,EMBEDDED_TEXTURE_READY,furniture/0194_prop_model_194/model.glb,0.234375,0.2748565673828125,0.2109375,1,1,NATIVE_BINDINGS_METADATA_ONLY,res/field/props/models/prop_model_194.nsbmd
195,prop_model_195,source geometry tall or long surface model 195,source_geometry_prop,READY_GLB,EMBEDDED_TEXTURE_READY,furniture/0195_prop_model_195/model.glb,0.35354595463175387,0.49227879103710154,0.19288625,1,1,NATIVE_BINDINGS_METADATA_ONLY,res/field/props/models/prop_model_195.nsbmd
196,prop_model_196,source geometry compact multi-surface mesh model 196,source_geometry_prop,READY_GLB,EMBEDDED_TEXTURE_READY,furniture/0196_prop_model_196/model.glb,0.234375,0.244140625,0.15625,1,1,NATIVE_BINDINGS_METADATA_ONLY,res/field/props/models/prop_model_196.nsbmd
197,prop_model_197,source geometry multi-surface mesh model 197,source_geometry_prop,READY_GLB,EMBEDDED_TEXTURE_READY,furniture/0197_prop_model_197/model.glb,0.3046875,0.302520751953125,0.19140625,1,1,NATIVE_BINDINGS_METADATA_ONLY,res/field/props/models/prop_model_197.nsbmd
198,prop_model_198,source geometry tall or long surface model 198,source_geometry_prop,READY_GLB,EMBEDDED_TEXTURE_READY,furniture/0198_prop_model_198/model.glb,0.19140625,0.0830078125,0.3701171875,1,1,NATIVE_BINDINGS_METADATA_ONLY,res/field/props/models/prop_model_198.nsbmd
199,prop_model_199,source geometry compact multi-surface mesh model 199,source_geometry_prop,READY_GLB,EMBEDDED_TEXTURE_READY,furniture/0199_prop_model_199/model.glb,0.171875,0.244140625,0.216796875,1,1,NATIVE_BINDINGS_METADATA_ONLY,res/field/props/models/prop_model_199.nsbmd
200,prop_model_200,source geometry compact multi-surface mesh model 200,source_geometry_prop,READY_GLB,EMBEDDED_TEXTURE_READY,furniture/0200_prop_model_200/model.glb,0.21875,0.32421875,0.1864471435546875,1,1,NATIVE_BINDINGS_METADATA_ONLY,res/field/props/models/prop_model_200.nsbmd
201,prop_model_201,source geometry compact multi-surface mesh model 201,source_geometry_prop,READY_GLB,EMBEDDED_TEXTURE_READY,furniture/0201_prop_model_201/model.glb,0.234375,0.244140625,0.15625,1,1,NATIVE_BINDINGS_METADATA_ONLY,res/field/props/models/prop_model_201.nsbmd
202,prop_model_202,source geometry multi-surface mesh model 202,source_geometry_prop,READY_GLB,EMBEDDED_TEXTURE_READY,furniture/0202_prop_model_202/model.glb,0.4765625,0.41796875,0.2501678466796875,1,1,NATIVE_BINDINGS_METADATA_ONLY,res/field/props/models/prop_model_202.nsbmd
203,prop_model_203,source geometry multi-surface mesh model 203,source_geometry_prop,READY_GLB,EMBEDDED_TEXTURE_READY,furniture/0203_prop_model_203/model.glb,0.216796875,0.30859375,0.18359375,1,1,NATIVE_BINDINGS_METADATA_ONLY,res/field/props/models/prop_model_203.nsbmd
204,prop_model_204,source geometry compact multi-surface mesh model 204,source_geometry_prop,READY_GLB,EMBEDDED_TEXTURE_READY,furniture/0204_prop_model_204/model.glb,0.234375,0.244140625,0.15625,1,1,NATIVE_BINDINGS_METADATA_ONLY,res/field/props/models/prop_model_204.nsbmd
205,prop_model_205,source geometry multi-surface mesh model 205,source_geometry_prop,READY_GLB,EMBEDDED_TEXTURE_READY,furniture/0205_prop_model_205/model.glb,0.3515625,0.310546875,0.1950225830078125,1,1,NATIVE_BINDINGS_METADATA_ONLY,res/field/props/models/prop_model_205.nsbmd
206,prop_model_206,source geometry multi-surface mesh model 206,source_geometry_prop,READY_GLB,EMBEDDED_TEXTURE_READY,furniture/0206_prop_model_206/model.glb,0.5470429877655629,0.47331249999999997,0.3906251007447048,1,1,NATIVE_BINDINGS_METADATA_ONLY,res/field/props/models/prop_model_206.nsbmd
207,prop_model_207,source geometry multi-surface mesh model 207,source_geometry_prop,READY_GLB,EMBEDDED_TEXTURE_READY,furniture/0207_prop_model_207/model.glb,0.34375,0.2660369873046875,0.1953125,1,1,NATIVE_BINDINGS_METADATA_ONLY,res/field/props/models/prop_model_207.nsbmd
208,prop_model_208,source geometry multi-surface mesh model 208,source_geometry_prop,READY_GLB,EMBEDDED_TEXTURE_READY,furniture/0208_prop_model_208/model.glb,0.7031247928530023,0.447494375,0.5402220088144031,1,1,NATIVE_BINDINGS_METADATA_ONLY,res/field/props/models/prop_model_208.nsbmd
209,prop_model_209,source geometry multi-surface mesh model 209,source_geometry_prop,READY_GLB,EMBEDDED_TEXTURE_READY,furniture/0209_prop_model_209/model.glb,0.5714719996078699,0.447494375,0.6093748204726019,1,1,NATIVE_BINDINGS_METADATA_ONLY,res/field/props/models/prop_model_209.nsbmd
210,prop_model_210,source geometry compact multi-surface mesh model 210,source_geometry_prop,READY_GLB,EMBEDDED_TEXTURE_READY,furniture/0210_prop_model_210/model.glb,0.75,0.4375,0.4375,1,1,NATIVE_BINDINGS_METADATA_ONLY,res/field/props/models/prop_model_210.nsbmd
211,prop_model_211,source geometry multi-surface mesh model 211,source_geometry_prop,READY_GLB,EMBEDDED_TEXTURE_READY,furniture/0211_prop_model_211/model.glb,0.515625,0.421875,0.65625,1,1,NATIVE_BINDINGS_METADATA_ONLY,res/field/props/models/prop_model_211.nsbmd
212,prop_model_212,source geometry multi-surface mesh model 212,source_geometry_prop,READY_GLB,EMBEDDED_TEXTURE_READY,furniture/0212_prop_model_212/model.glb,0.46875,0.434478759765625,0.289398193359375,1,1,NATIVE_BINDINGS_METADATA_ONLY,res/field/props/models/prop_model_212.nsbmd
213,prop_model_213,source geometry tall or long surface model 213,source_geometry_prop,READY_GLB,EMBEDDED_TEXTURE_READY,furniture/0213_prop_model_213/model.glb,0.228485,0.6416470371978096,0.228485,1,1,NATIVE_BINDINGS_METADATA_ONLY,res/field/props/models/prop_model_213.nsbmd
214,prop_model_214,source geometry multi-surface mesh model 214,source_geometry_prop,READY_GLB,EMBEDDED_TEXTURE_READY,furniture/0214_prop_model_214/model.glb,0.18359375,0.3300323486328125,0.173828125,1,1,NATIVE_BINDINGS_METADATA_ONLY,res/field/props/models/prop_model_214.nsbmd
215,prop_model_215,source geometry compact multi-surface mesh model 215,source_geometry_prop,READY_GLB,EMBEDDED_TEXTURE_READY,furniture/0215_prop_model_215/model.glb,0.234375,0.244140625,0.15625,1,1,NATIVE_BINDINGS_METADATA_ONLY,res/field/props/models/prop_model_215.nsbmd
216,prop_model_216,source geometry multi-surface mesh model 216,source_geometry_prop,READY_GLB,EMBEDDED_TEXTURE_READY,furniture/0216_prop_model_216/model.glb,0.71875,0.33203125,0.33203125,1,1,NATIVE_BINDINGS_METADATA_ONLY,res/field/props/models/prop_model_216.nsbmd
217,prop_model_217,source geometry multi-surface mesh model 217,source_geometry_prop,READY_GLB,EMBEDDED_TEXTURE_READY,furniture/0217_prop_model_217/model.glb,0.29296875,0.30078125,0.1953125,1,1,NATIVE_BINDINGS_METADATA_ONLY,res/field/props/models/prop_model_217.nsbmd
218,prop_model_218,source geometry compact multi-surface mesh model 218,source_geometry_prop,READY_GLB,EMBEDDED_TEXTURE_READY,furniture/0218_prop_model_218/model.glb,0.4375,0.3201446533203125,0.625,1,1,NATIVE_BINDINGS_METADATA_ONLY,res/field/props/models/prop_model_218.nsbmd
219,prop_model_219,source geometry multi-surface mesh model 219,source_geometry_prop,READY_GLB,EMBEDDED_TEXTURE_READY,furniture/0219_prop_model_219/model.glb,0.31500244140625,0.25390625,0.19140625,1,1,NATIVE_BINDINGS_METADATA_ONLY,res/field/props/models/prop_model_219.nsbmd
220,prop_model_220,source geometry compact multi-surface mesh model 220,source_geometry_prop,READY_GLB,EMBEDDED_TEXTURE_READY,furniture/0220_prop_model_220/model.glb,0.234375,0.244140625,0.28125,1,1,NATIVE_BINDINGS_METADATA_ONLY,res/field/props/models/prop_model_220.nsbmd
221,prop_model_221,source geometry multi-surface mesh model 221,source_geometry_prop,READY_GLB,EMBEDDED_TEXTURE_READY,furniture/0221_prop_model_221/model.glb,0.8203125,0.4609375,0.7533721923828125,1,1,NATIVE_BINDINGS_METADATA_ONLY,res/field/props/models/prop_model_221.nsbmd
222,prop_model_222,source geometry tall or long surface model 222,source_geometry_prop,READY_GLB,EMBEDDED_TEXTURE_READY,furniture/0222_prop_model_222/model.glb,0.84375,0.28515625,0.3125,1,1,NATIVE_BINDINGS_METADATA_ONLY,res/field/props/models/prop_model_222.nsbmd
223,prop_model_223,source geometry multi-surface mesh model 223,source_geometry_prop,READY_GLB,EMBEDDED_TEXTURE_READY,furniture/0223_prop_model_223/model.glb,0.203125,0.39581298828125,0.21875,1,1,NATIVE_BINDINGS_METADATA_ONLY,res/field/props/models/prop_model_223.nsbmd
224,prop_model_224,source geometry multi-surface mesh model 224,source_geometry_prop,READY_GLB,EMBEDDED_TEXTURE_READY,furniture/0224_prop_model_224/model.glb,0.41143812500000004,0.4048005495521807,0.3440095137266356,1,1,NATIVE_BINDINGS_METADATA_ONLY,res/field/props/models/prop_model_224.nsbmd
225,prop_model_225,source geometry compact multi-surface mesh model 225,source_geometry_prop,READY_GLB,EMBEDDED_TEXTURE_READY,furniture/0225_prop_model_225/model.glb,0.28125,0.259765625,0.15625,1,1,NATIVE_BINDINGS_METADATA_ONLY,res/field/props/models/prop_model_225.nsbmd
226,prop_model_226,source geometry multi-surface mesh model 226,source_geometry_prop,READY_GLB,EMBEDDED_TEXTURE_READY,furniture/0226_prop_model_226/model.glb,0.265625,0.301849365234375,0.171875,1,1,NATIVE_BINDINGS_METADATA_ONLY,res/field/props/models/prop_model_226.nsbmd
227,prop_model_227,source geometry multi-surface mesh model 227,source_geometry_prop,READY_GLB,EMBEDDED_TEXTURE_READY,furniture/0227_prop_model_227/model.glb,0.6875,0.369140625,0.5,1,1,NATIVE_BINDINGS_METADATA_ONLY,res/field/props/models/prop_model_227.nsbmd
228,prop_model_228,source geometry multi-surface mesh model 228,source_geometry_prop,READY_GLB,EMBEDDED_TEXTURE_READY,furniture/0228_prop_model_228/model.glb,0.23829644690391172,0.2530822096656387,0.18801875,1,1,NATIVE_BINDINGS_METADATA_ONLY,res/field/props/models/prop_model_228.nsbmd
229,prop_model_229,source geometry compact multi-surface mesh model 229,source_geometry_prop,READY_GLB,EMBEDDED_TEXTURE_READY,furniture/0229_prop_model_229/model.glb,0.75,0.453125,0.4375,1,1,NATIVE_BINDINGS_METADATA_ONLY,res/field/props/models/prop_model_229.nsbmd
230,prop_model_230,source geometry compact multi-surface mesh model 230,source_geometry_prop,READY_GLB,EMBEDDED_TEXTURE_READY,furniture/0230_prop_model_230/model.glb,0.484375,0.28125,0.375,1,1,NATIVE_BINDINGS_METADATA_ONLY,res/field/props/models/prop_model_230.nsbmd
231,prop_model_231,source geometry compact multi-surface mesh model 231,source_geometry_prop,READY_GLB,EMBEDDED_TEXTURE_READY,furniture/0231_prop_model_231/model.glb,0.234375,0.244140625,0.15625,1,1,NATIVE_BINDINGS_METADATA_ONLY,res/field/props/models/prop_model_231.nsbmd
232,prop_model_232,source geometry compact multi-surface mesh model 232,source_geometry_prop,READY_GLB,EMBEDDED_TEXTURE_READY,furniture/0232_prop_model_232/model.glb,0.234375,0.244140625,0.15625,1,1,NATIVE_BINDINGS_METADATA_ONLY,res/field/props/models/prop_model_232.nsbmd
233,prop_model_233,source geometry multi-surface mesh model 233,source_geometry_prop,READY_GLB,EMBEDDED_TEXTURE_READY,furniture/0233_prop_model_233/model.glb,0.359375,0.3535614013671875,0.2421875,1,1,NATIVE_BINDINGS_METADATA_ONLY,res/field/props/models/prop_model_233.nsbmd
234,prop_model_234,source geometry multi-surface mesh model 234,source_geometry_prop,READY_GLB,EMBEDDED_TEXTURE_READY,furniture/0234_prop_model_234/model.glb,0.28125,0.3125,0.2109375,1,1,NATIVE_BINDINGS_METADATA_ONLY,res/field/props/models/prop_model_234.nsbmd
235,prop_model_235,source geometry compact multi-surface mesh model 235,source_geometry_prop,READY_GLB,EMBEDDED_TEXTURE_READY,furniture/0235_prop_model_235/model.glb,0.21875,0.275390625,0.15625,1,1,NATIVE_BINDINGS_METADATA_ONLY,res/field/props/models/prop_model_235.nsbmd
236,prop_model_236,source geometry multi-surface mesh model 236,source_geometry_prop,READY_GLB,EMBEDDED_TEXTURE_READY,furniture/0236_prop_model_236/model.glb,0.35980224609375,0.3545989990234375,0.2421875,1,1,NATIVE_BINDINGS_METADATA_ONLY,res/field/props/models/prop_model_236.nsbmd
237,prop_model_237,source geometry multi-surface mesh model 237,source_geometry_prop,READY_GLB,EMBEDDED_TEXTURE_READY,furniture/0237_prop_model_237/model.glb,0.2421875,0.2890625,0.140625,1,1,NATIVE_BINDINGS_METADATA_ONLY,res/field/props/models/prop_model_237.nsbmd
238,prop_model_238,source geometry multi-surface mesh model 238,source_geometry_prop,READY_GLB,EMBEDDED_TEXTURE_READY,furniture/0238_prop_model_238/model.glb,0.2421875,0.2890625,0.21875,1,1,NATIVE_BINDINGS_METADATA_ONLY,res/field/props/models/prop_model_238.nsbmd
239,pastoria_gym_blue_button,named source prop pastoria gym blue button,named_source_prop_object,READY_GLB,EMBEDDED_TEXTURE_READY,furniture/0239_pastoria_gym_blue_button/model.glb,0.5,0.0,0.5,1,1,NATIVE_BINDINGS_METADATA_ONLY,res/field/props/models/pastoria_gym_blue_button.nsbmd
240,pastoria_gym_green_button,named source prop pastoria gym green button,named_source_prop_object,READY_GLB,EMBEDDED_TEXTURE_READY,furniture/0240_pastoria_gym_green_button/model.glb,0.5,0.0,0.5,1,1,NATIVE_BINDINGS_METADATA_ONLY,res/field/props/models/pastoria_gym_green_button.nsbmd
241,pastoria_gym_orange_button,named source prop pastoria gym orange button,named_source_prop_object,READY_GLB,EMBEDDED_TEXTURE_READY,furniture/0241_pastoria_gym_orange_button/model.glb,0.5,0.0,0.5,1,1,NATIVE_BINDINGS_METADATA_ONLY,res/field/props/models/pastoria_gym_orange_button.nsbmd
242,pastoria_gym_water_floor,named source prop pastoria gym water floor,named_source_prop_object,READY_GLB,EMBEDDED_TEXTURE_READY,furniture/0242_pastoria_gym_water_floor/model.glb,0.390625,0.005859375,0.6062469482421875,1,1,NATIVE_BINDINGS_METADATA_ONLY,res/field/props/models/pastoria_gym_water_floor.nsbmd
243,prop_model_243,source geometry multi-surface mesh model 243,source_geometry_prop,READY_GLB,EMBEDDED_TEXTURE_READY,furniture/0243_prop_model_243/model.glb,0.515625,0.4375,0.65625,1,1,NATIVE_BINDINGS_METADATA_ONLY,res/field/props/models/prop_model_243.nsbmd
244,prop_model_244,source geometry multi-surface mesh model 244,source_geometry_prop,READY_GLB,EMBEDDED_TEXTURE_READY,furniture/0244_prop_model_244/model.glb,0.24404936543459427,0.2963412983684666,0.211365,1,1,NATIVE_BINDINGS_METADATA_ONLY,res/field/props/models/prop_model_244.nsbmd
245,prop_model_245,source geometry multi-surface mesh model 245,source_geometry_prop,READY_GLB,EMBEDDED_TEXTURE_READY,furniture/0245_prop_model_245/model.glb,0.26445,0.4066466158906007,0.30314627834516183,1,1,NATIVE_BINDINGS_METADATA_ONLY,res/field/props/models/prop_model_245.nsbmd
246,jubilife_city_building_door,named source prop jubilife city building door,named_source_prop_door,READY_GLB,EMBEDDED_TEXTURE_READY,furniture/0246_jubilife_city_building_door/model.glb,0.3125,0.453125,0.03125,1,1,NATIVE_BINDINGS_METADATA_ONLY,res/field/props/models/jubilife_city_building_door.nsbmd
247,prop_model_247,source geometry compact multi-surface mesh model 247,source_geometry_prop,READY_GLB,EMBEDDED_TEXTURE_READY,furniture/0247_prop_model_247/model.glb,0.4999997973325385,0.2867888241841144,0.40957625,1,1,NATIVE_BINDINGS_METADATA_ONLY,res/field/props/models/prop_model_247.nsbmd
248,desk_drawer_laptop_facing_left,named source prop desk drawer laptop facing left,named_source_prop_desk,READY_GLB,EMBEDDED_TEXTURE_READY,furniture/0248_desk_drawer_laptop_facing_left/model.glb,0.25,0.3747711181640625,0.4765625,1,1,NATIVE_BINDINGS_METADATA_ONLY,res/field/props/models/desk_drawer_laptop_facing_left.nsbmd
249,prop_model_249,source geometry compact multi-surface mesh model 249,source_geometry_prop,READY_GLB,EMBEDDED_TEXTURE_READY,furniture/0249_prop_model_249/model.glb,0.5,0.0,0.5,1,1,NATIVE_BINDINGS_METADATA_ONLY,res/field/props/models/prop_model_249.nsbmd
250,prop_model_250,source geometry compact multi-surface mesh model 250,source_geometry_prop,READY_GLB,EMBEDDED_TEXTURE_READY,furniture/0250_prop_model_250/model.glb,0.46875,0.375,0.46875,1,1,NATIVE_BINDINGS_METADATA_ONLY,res/field/props/models/prop_model_250.nsbmd
251,prop_model_251,source geometry compact multi-surface mesh model 251,source_geometry_prop,READY_GLB,EMBEDDED_TEXTURE_READY,furniture/0251_prop_model_251/model.glb,0.46875,0.375,0.46875,1,1,NATIVE_BINDINGS_METADATA_ONLY,res/field/props/models/prop_model_251.nsbmd
252,prop_model_252,source geometry multi-surface mesh model 252,source_geometry_prop,READY_GLB,EMBEDDED_TEXTURE_READY,furniture/0252_prop_model_252/model.glb,0.453125,0.3125,0.484375,1,1,NATIVE_BINDINGS_METADATA_ONLY,res/field/props/models/prop_model_252.nsbmd
253,prop_model_253,source geometry compact multi-surface mesh model 253,source_geometry_prop,READY_GLB,EMBEDDED_TEXTURE_READY,furniture/0253_prop_model_253/model.glb,0.203125,0.3125,0.234375,1,1,NATIVE_BINDINGS_METADATA_ONLY,res/field/props/models/prop_model_253.nsbmd
254,prop_model_254,source geometry compact multi-surface mesh model 254,source_geometry_prop,READY_GLB,EMBEDDED_TEXTURE_READY,furniture/0254_prop_model_254/model.glb,0.25,0.1915130615234375,0.1606903076171875,1,1,NATIVE_BINDINGS_METADATA_ONLY,res/field/props/models/prop_model_254.nsbmd
255,prop_model_255,source geometry compact multi-surface mesh model 255,source_geometry_prop,READY_GLB,EMBEDDED_TEXTURE_READY,furniture/0255_prop_model_255/model.glb,0.25,0.1915130615234375,0.1606903076171875,1,1,NATIVE_BINDINGS_METADATA_ONLY,res/field/props/models/prop_model_255.nsbmd
256,prop_model_256,source geometry multi-surface mesh model 256,source_geometry_prop,READY_GLB,EMBEDDED_TEXTURE_READY,furniture/0256_prop_model_256/model.glb,0.484375,0.4765625,0.28125,1,1,NATIVE_BINDINGS_METADATA_ONLY,res/field/props/models/prop_model_256.nsbmd
257,prop_model_257,source geometry multi-surface mesh model 257,source_geometry_prop,READY_GLB,EMBEDDED_TEXTURE_READY,furniture/0257_prop_model_257/model.glb,0.46875,0.4453125,0.5,1,1,NATIVE_BINDINGS_METADATA_ONLY,res/field/props/models/prop_model_257.nsbmd
258,iron_island_platform_lift,named source prop iron island platform lift,named_source_prop_object,READY_GLB,EMBEDDED_TEXTURE_READY,furniture/0258_iron_island_platform_lift/model.glb,0.75,0.21875,0.578125,1,1,NATIVE_BINDINGS_METADATA_ONLY,res/field/props/models/iron_island_platform_lift.nsbmd
259,prop_model_259,source geometry compact multi-surface mesh model 259,source_geometry_prop,READY_GLB,EMBEDDED_TEXTURE_READY,furniture/0259_prop_model_259/model.glb,0.375,0.4522552490234375,0.234375,1,1,NATIVE_BINDINGS_METADATA_ONLY,res/field/props/models/prop_model_259.nsbmd
260,hearthome_gym_inside_door,named source prop hearthome gym inside door,named_source_prop_door,READY_GLB,EMBEDDED_TEXTURE_READY,furniture/0260_hearthome_gym_inside_door/model.glb,0.21875,0.265625,0.0390625,1,1,NATIVE_BINDINGS_METADATA_ONLY,res/field/props/models/hearthome_gym_inside_door.nsbmd
261,prop_model_261,source geometry tall or long surface model 261,source_geometry_prop,READY_GLB,EMBEDDED_TEXTURE_READY,furniture/0261_prop_model_261/model.glb,0.5,0.375,0.1875,1,1,NATIVE_BINDINGS_METADATA_ONLY,res/field/props/models/prop_model_261.nsbmd
262,prop_model_262,source geometry multi-surface mesh model 262,source_geometry_prop,READY_GLB,EMBEDDED_TEXTURE_READY,furniture/0262_prop_model_262/model.glb,0.3984375,0.328125,0.5126495361328125,1,1,NATIVE_BINDINGS_METADATA_ONLY,res/field/props/models/prop_model_262.nsbmd
263,prop_model_263,source geometry multi-surface mesh model 263,source_geometry_prop,READY_GLB,EMBEDDED_TEXTURE_READY,furniture/0263_prop_model_263/model.glb,0.6484375,0.2890625,0.4921875,1,1,NATIVE_BINDINGS_METADATA_ONLY,res/field/props/models/prop_model_263.nsbmd
264,prop_model_264,source geometry compact multi-surface mesh model 264,source_geometry_prop,READY_GLB,EMBEDDED_TEXTURE_READY,furniture/0264_prop_model_264/model.glb,0.252243125,0.26704415526132724,0.46069351097937217,1,1,NATIVE_BINDINGS_METADATA_ONLY,res/field/props/models/prop_model_264.nsbmd
265,prop_model_265,source geometry multi-surface mesh model 265,source_geometry_prop,READY_GLB,EMBEDDED_TEXTURE_READY,furniture/0265_prop_model_265/model.glb,0.46484375,0.446258544921875,0.45703125,1,1,NATIVE_BINDINGS_METADATA_ONLY,res/field/props/models/prop_model_265.nsbmd
266,prop_model_266,source geometry tall or long surface model 266,source_geometry_prop,READY_GLB,EMBEDDED_TEXTURE_READY,furniture/0266_prop_model_266/model.glb,0.75,0.375,0.0284423828125,1,1,NATIVE_BINDINGS_METADATA_ONLY,res/field/props/models/prop_model_266.nsbmd
267,prop_model_267,source geometry multi-surface mesh model 267,source_geometry_prop,READY_GLB,EMBEDDED_TEXTURE_READY,furniture/0267_prop_model_267/model.glb,0.5,0.265625,0.28326416015625,1,1,NATIVE_BINDINGS_METADATA_ONLY,res/field/props/models/prop_model_267.nsbmd
268,prop_model_268,source geometry multi-surface mesh model 268,source_geometry_prop,READY_GLB,EMBEDDED_TEXTURE_READY,furniture/0268_prop_model_268/model.glb,0.28125,0.3515625,0.4375,1,1,NATIVE_BINDINGS_METADATA_ONLY,res/field/props/models/prop_model_268.nsbmd
269,prop_model_269,source geometry multi-surface mesh model 269,source_geometry_prop,READY_GLB,EMBEDDED_TEXTURE_READY,furniture/0269_prop_model_269/model.glb,0.28125,0.3515625,0.4375,1,1,NATIVE_BINDINGS_METADATA_ONLY,res/field/props/models/prop_model_269.nsbmd
270,prop_model_270,source geometry tall or long surface model 270,source_geometry_prop,READY_GLB,EMBEDDED_TEXTURE_READY,furniture/0270_prop_model_270/model.glb,0.5,0.1328125,0.141632080078125,1,1,NATIVE_BINDINGS_METADATA_ONLY,res/field/props/models/prop_model_270.nsbmd
271,prop_model_271,source geometry multi-surface mesh model 271,source_geometry_prop,READY_GLB,EMBEDDED_TEXTURE_READY,furniture/0271_prop_model_271/model.glb,0.1796875,0.23828125,0.0,1,0,NATIVE_BINDINGS_METADATA_ONLY,res/field/props/models/prop_model_271.nsbmd
272,prop_model_272,source geometry compact multi-surface mesh model 272,source_geometry_prop,READY_GLB,EMBEDDED_TEXTURE_READY,furniture/0272_prop_model_272/model.glb,0.5,0.0,0.5,1,1,NATIVE_BINDINGS_METADATA_ONLY,res/field/props/models/prop_model_272.nsbmd
273,prop_model_273,source geometry tall or long surface model 273,source_geometry_prop,READY_GLB,EMBEDDED_TEXTURE_READY,furniture/0273_prop_model_273/model.glb,0.28125,0.3515625,0.9375,1,1,NATIVE_BINDINGS_METADATA_ONLY,res/field/props/models/prop_model_273.nsbmd
274,prop_model_274,source geometry tall or long surface model 274,source_geometry_prop,READY_GLB,EMBEDDED_TEXTURE_READY,furniture/0274_prop_model_274/model.glb,0.28125,0.3515625,0.9375,1,1,NATIVE_BINDINGS_METADATA_ONLY,res/field/props/models/prop_model_274.nsbmd
275,prop_model_275,source geometry multi-surface mesh model 275,source_geometry_prop,READY_GLB,EMBEDDED_TEXTURE_READY,furniture/0275_prop_model_275/model.glb,0.234375,0.28125,0.20703125,1,1,NATIVE_BINDINGS_METADATA_ONLY,res/field/props/models/prop_model_275.nsbmd
276,prop_model_276,source geometry tall or long surface model 276,source_geometry_prop,READY_GLB,EMBEDDED_TEXTURE_READY,furniture/0276_prop_model_276/model.glb,0.1171875,0.26953125,0.0546875,1,1,NATIVE_BINDINGS_METADATA_ONLY,res/field/props/models/prop_model_276.nsbmd
277,prop_model_277,source geometry multi-surface mesh model 277,source_geometry_prop,READY_GLB,EMBEDDED_TEXTURE_READY,furniture/0277_prop_model_277/model.glb,0.75,0.359375,0.462493896484375,1,1,NATIVE_BINDINGS_METADATA_ONLY,res/field/props/models/prop_model_277.nsbmd
278,prop_model_278,source geometry multi-surface mesh model 278,source_geometry_prop,READY_GLB,EMBEDDED_TEXTURE_READY,furniture/0278_prop_model_278/model.glb,0.2421875,0.2890625,0.140625,1,1,NATIVE_BINDINGS_METADATA_ONLY,res/field/props/models/prop_model_278.nsbmd
279,prop_model_279,source geometry multi-surface mesh model 279,source_geometry_prop,READY_GLB,EMBEDDED_TEXTURE_READY,furniture/0279_prop_model_279/model.glb,0.46875,0.390625,0.234375,1,1,NATIVE_BINDINGS_METADATA_ONLY,res/field/props/models/prop_model_279.nsbmd
280,prop_model_280,source geometry tall or long surface model 280,source_geometry_prop,READY_GLB,EMBEDDED_TEXTURE_READY,furniture/0280_prop_model_280/model.glb,0.71875,0.390625,0.234375,1,1,NATIVE_BINDINGS_METADATA_ONLY,res/field/props/models/prop_model_280.nsbmd
281,prop_model_281,source geometry multi-surface mesh model 281,source_geometry_prop,READY_GLB,EMBEDDED_TEXTURE_READY,furniture/0281_prop_model_281/model.glb,0.57202125,0.57202125,0.0,1,0,NATIVE_BINDINGS_METADATA_ONLY,res/field/props/models/prop_model_281.nsbmd
282,prop_model_282,source geometry compact multi-surface mesh model 282,source_geometry_prop,READY_GLB,EMBEDDED_TEXTURE_READY,furniture/0282_prop_model_282/model.glb,0.5,0.0,0.5,1,1,NATIVE_BINDINGS_METADATA_ONLY,res/field/props/models/prop_model_282.nsbmd
283,prop_model_283,source geometry compact multi-surface mesh model 283,source_geometry_prop,READY_GLB,EMBEDDED_TEXTURE_READY,furniture/0283_prop_model_283/model.glb,0.5,0.84375,0.0,1,0,NATIVE_BINDINGS_METADATA_ONLY,res/field/props/models/prop_model_283.nsbmd
284,prop_model_284,source geometry compact multi-surface mesh model 284,source_geometry_prop,READY_GLB,EMBEDDED_TEXTURE_READY,furniture/0284_prop_model_284/model.glb,0.5,0.0,0.5,1,1,NATIVE_BINDINGS_METADATA_ONLY,res/field/props/models/prop_model_284.nsbmd
285,prop_model_285,source geometry compact multi-surface mesh model 285,source_geometry_prop,READY_GLB,EMBEDDED_TEXTURE_READY,furniture/0285_prop_model_285/model.glb,0.25,0.234375,0.290069580078125,1,1,NATIVE_BINDINGS_METADATA_ONLY,res/field/props/models/prop_model_285.nsbmd
286,prop_model_286,source geometry compact multi-surface mesh model 286,source_geometry_prop,READY_GLB,EMBEDDED_TEXTURE_READY,furniture/0286_prop_model_286/model.glb,0.5,0.25,0.433013916015625,1,1,NATIVE_BINDINGS_METADATA_ONLY,res/field/props/models/prop_model_286.nsbmd
287,prop_model_287,source geometry tall or long surface model 287,source_geometry_prop,READY_GLB,EMBEDDED_TEXTURE_READY,furniture/0287_prop_model_287/model.glb,0.46875,0.25,0.015625,1,1,NATIVE_BINDINGS_METADATA_ONLY,res/field/props/models/prop_model_287.nsbmd
288,prop_model_288,source geometry tall or long surface model 288,source_geometry_prop,READY_GLB,EMBEDDED_TEXTURE_READY,furniture/0288_prop_model_288/model.glb,0.46875,0.25,0.015625,1,1,NATIVE_BINDINGS_METADATA_ONLY,res/field/props/models/prop_model_288.nsbmd
289,prop_model_289,source geometry tall or long surface model 289,source_geometry_prop,READY_GLB,EMBEDDED_TEXTURE_READY,furniture/0289_prop_model_289/model.glb,0.46875,0.25,0.015625,1,1,NATIVE_BINDINGS_METADATA_ONLY,res/field/props/models/prop_model_289.nsbmd
290,prop_model_290,source geometry tall or long surface model 290,source_geometry_prop,READY_GLB,EMBEDDED_TEXTURE_READY,furniture/0290_prop_model_290/model.glb,0.46875,0.25,0.015625,1,1,NATIVE_BINDINGS_METADATA_ONLY,res/field/props/models/prop_model_290.nsbmd
291,prop_model_291,source geometry tall or long surface model 291,source_geometry_prop,READY_GLB,EMBEDDED_TEXTURE_READY,furniture/0291_prop_model_291/model.glb,0.46875,0.25,0.015625,1,1,NATIVE_BINDINGS_METADATA_ONLY,res/field/props/models/prop_model_291.nsbmd
292,prop_model_292,source geometry tall or long surface model 292,source_geometry_prop,READY_GLB,EMBEDDED_TEXTURE_READY,furniture/0292_prop_model_292/model.glb,0.46875,0.25,0.015625,1,1,NATIVE_BINDINGS_METADATA_ONLY,res/field/props/models/prop_model_292.nsbmd
293,prop_model_293,source geometry tall or long surface model 293,source_geometry_prop,READY_GLB,EMBEDDED_TEXTURE_READY,furniture/0293_prop_model_293/model.glb,0.46875,0.25,0.015625,1,1,NATIVE_BINDINGS_METADATA_ONLY,res/field/props/models/prop_model_293.nsbmd
294,canalave_gym_platform_z_direction,named source prop canalave gym platform z direction,named_source_prop_object,READY_GLB,EMBEDDED_TEXTURE_READY,furniture/0294_canalave_gym_platform_z_direction/model.glb,0.5,0.09375,0.5,1,1,NATIVE_BINDINGS_METADATA_ONLY,res/field/props/models/canalave_gym_platform_z_direction.nsbmd
295,canalave_gym_platform_x_direction,named source prop canalave gym platform x direction,named_source_prop_object,READY_GLB,EMBEDDED_TEXTURE_READY,furniture/0295_canalave_gym_platform_x_direction/model.glb,0.5,0.09375,0.5,1,1,NATIVE_BINDINGS_METADATA_ONLY,res/field/props/models/canalave_gym_platform_x_direction.nsbmd
296,canalave_gym_platform_y_direction,named source prop canalave gym platform y direction,named_source_prop_object,READY_GLB,EMBEDDED_TEXTURE_READY,furniture/0296_canalave_gym_platform_y_direction/model.glb,0.5,0.09375,0.5,1,1,NATIVE_BINDINGS_METADATA_ONLY,res/field/props/models/canalave_gym_platform_y_direction.nsbmd
297,canalave_gym_platform_red,named source prop canalave gym platform red,named_source_prop_object,READY_GLB,EMBEDDED_TEXTURE_READY,furniture/0297_canalave_gym_platform_red/model.glb,0.5,0.09375,0.5,1,1,NATIVE_BINDINGS_METADATA_ONLY,res/field/props/models/canalave_gym_platform_red.nsbmd
298,gym_door,named source prop gym door,named_source_prop_door,READY_GLB,EMBEDDED_TEXTURE_READY,furniture/0298_gym_door/model.glb,0.21875,0.328125,0.0,1,0,NATIVE_BINDINGS_METADATA_ONLY,res/field/props/models/gym_door.nsbmd
299,prop_model_299,source geometry tall or long surface model 299,source_geometry_prop,READY_GLB,EMBEDDED_TEXTURE_READY,furniture/0299_prop_model_299/model.glb,0.60546875,0.333984375,0.85546875,1,1,NATIVE_BINDINGS_METADATA_ONLY,res/field/props/models/prop_model_299.nsbmd
300,canalave_gym_second_floor,named source prop canalave gym second floor,named_source_prop_object,READY_GLB,EMBEDDED_TEXTURE_READY,furniture/0300_canalave_gym_second_floor/model.glb,0.9375,0.0390625,0.79296875,1,1,NATIVE_BINDINGS_METADATA_ONLY,res/field/props/models/canalave_gym_second_floor.nsbmd
301,canalave_gym_third_floor,named source prop canalave gym third floor,named_source_prop_object,READY_GLB,EMBEDDED_TEXTURE_READY,furniture/0301_canalave_gym_third_floor/model.glb,0.9375,0.0390625,0.79296875,1,1,NATIVE_BINDINGS_METADATA_ONLY,res/field/props/models/canalave_gym_third_floor.nsbmd
302,canalave_gym_fourth_floor,named source prop canalave gym fourth floor,named_source_prop_object,READY_GLB,EMBEDDED_TEXTURE_READY,furniture/0302_canalave_gym_fourth_floor/model.glb,0.9375,0.03125,0.79296875,1,1,NATIVE_BINDINGS_METADATA_ONLY,res/field/props/models/canalave_gym_fourth_floor.nsbmd
303,bike_muddy_slope,named source prop bike muddy slope,named_source_prop_object,READY_GLB,EMBEDDED_TEXTURE_READY,furniture/0303_bike_muddy_slope/model.glb,0.125,0.25,0.25,1,1,NATIVE_BINDINGS_METADATA_ONLY,res/field/props/models/bike_muddy_slope.nsbmd
304,bike_dungeon_muddy_slope,named source prop bike dungeon muddy slope,named_source_prop_object,READY_GLB,EMBEDDED_TEXTURE_READY,furniture/0304_bike_dungeon_muddy_slope/model.glb,0.125,0.25,0.25,1,1,NATIVE_BINDINGS_METADATA_ONLY,res/field/props/models/bike_dungeon_muddy_slope.nsbmd
305,prop_model_305,source geometry tall or long surface model 305,source_geometry_prop,READY_GLB,EMBEDDED_TEXTURE_READY,furniture/0305_prop_model_305/model.glb,0.375,0.5703125,0.1015625,1,1,NATIVE_BINDINGS_METADATA_ONLY,res/field/props/models/prop_model_305.nsbmd
306,prop_model_306,source geometry tall or long surface model 306,source_geometry_prop,READY_GLB,EMBEDDED_TEXTURE_READY,furniture/0306_prop_model_306/model.glb,0.1875,0.34765625,0.05078125,1,1,NATIVE_BINDINGS_METADATA_ONLY,res/field/props/models/prop_model_306.nsbmd
307,prop_model_307,source geometry tall or long surface model 307,source_geometry_prop,READY_GLB,EMBEDDED_TEXTURE_READY,furniture/0307_prop_model_307/model.glb,0.5,0.173828125,0.025390625,1,1,NATIVE_BINDINGS_METADATA_ONLY,res/field/props/models/prop_model_307.nsbmd
308,prop_model_308,source geometry tall or long surface model 308,source_geometry_prop,READY_GLB,EMBEDDED_TEXTURE_READY,furniture/0308_prop_model_308/model.glb,0.34375,0.455078125,0.025390625,1,1,NATIVE_BINDINGS_METADATA_ONLY,res/field/props/models/prop_model_308.nsbmd
309,prop_model_309,source geometry tall or long surface model 309,source_geometry_prop,READY_GLB,EMBEDDED_TEXTURE_READY,furniture/0309_prop_model_309/model.glb,0.875,0.5703125,0.1015625,1,1,NATIVE_BINDINGS_METADATA_ONLY,res/field/props/models/prop_model_309.nsbmd
310,prop_model_310,source geometry tall or long surface model 310,source_geometry_prop,READY_GLB,EMBEDDED_TEXTURE_READY,furniture/0310_prop_model_310/model.glb,0.375,0.5703125,0.1015625,1,1,NATIVE_BINDINGS_METADATA_ONLY,res/field/props/models/prop_model_310.nsbmd
311,prop_model_311,source geometry compact multi-surface mesh model 311,source_geometry_prop,READY_GLB,EMBEDDED_TEXTURE_READY,furniture/0311_prop_model_311/model.glb,0.5,0.0,0.5,1,1,NATIVE_BINDINGS_METADATA_ONLY,res/field/props/models/prop_model_311.nsbmd
312,blue_door,named source prop blue door,named_source_prop_door,READY_GLB,EMBEDDED_TEXTURE_READY,furniture/0312_blue_door/model.glb,0.3125,0.453125,0.03125,1,1,NATIVE_BINDINGS_METADATA_ONLY,res/field/props/models/blue_door.nsbmd
313,iron_door_2,named source prop iron door 2,named_source_prop_door,READY_GLB,EMBEDDED_TEXTURE_READY,furniture/0313_iron_door_2/model.glb,0.3125,0.453125,0.03125,1,1,NATIVE_BINDINGS_METADATA_ONLY,res/field/props/models/iron_door_2.nsbmd
314,prop_model_314,source geometry multi-surface mesh model 314,source_geometry_prop,READY_GLB,EMBEDDED_TEXTURE_READY,furniture/0314_prop_model_314/model.glb,0.2442474365234375,0.375,0.21875,1,1,NATIVE_BINDINGS_METADATA_ONLY,res/field/props/models/prop_model_314.nsbmd
315,prop_model_315,source geometry tall or long surface model 315,source_geometry_prop,READY_GLB,EMBEDDED_TEXTURE_READY,furniture/0315_prop_model_315/model.glb,0.65625,0.142578125,0.294921875,1,1,NATIVE_BINDINGS_METADATA_ONLY,res/field/props/models/prop_model_315.nsbmd
316,secret_base_pc_normal_flag,named source prop secret base pc normal flag,named_source_prop_pc,READY_GLB,EMBEDDED_TEXTURE_READY,furniture/0316_secret_base_pc_normal_flag/model.glb,0.25,0.2804107666015625,0.125,1,1,NATIVE_BINDINGS_METADATA_ONLY,res/field/props/models/secret_base_pc_normal_flag.nsbmd
317,secret_base_pc_bronze_flag,named source prop secret base pc bronze flag,named_source_prop_pc,READY_GLB,EMBEDDED_TEXTURE_READY,furniture/0317_secret_base_pc_bronze_flag/model.glb,0.25,0.2804107666015625,0.125,1,1,NATIVE_BINDINGS_METADATA_ONLY,res/field/props/models/secret_base_pc_bronze_flag.nsbmd
318,secret_base_pc_silver_flag,named source prop secret base pc silver flag,named_source_prop_pc,READY_GLB,EMBEDDED_TEXTURE_READY,furniture/0318_secret_base_pc_silver_flag/model.glb,0.25,0.2804107666015625,0.125,1,1,NATIVE_BINDINGS_METADATA_ONLY,res/field/props/models/secret_base_pc_silver_flag.nsbmd
319,secret_base_pc_gold_flag,named source prop secret base pc gold flag,named_source_prop_pc,READY_GLB,EMBEDDED_TEXTURE_READY,furniture/0319_secret_base_pc_gold_flag/model.glb,0.25,0.2804107666015625,0.125,1,1,NATIVE_BINDINGS_METADATA_ONLY,res/field/props/models/secret_base_pc_gold_flag.nsbmd
320,secret_base_pc_platinum_flag,named source prop secret base pc platinum flag,named_source_prop_pc,READY_GLB,EMBEDDED_TEXTURE_READY,furniture/0320_secret_base_pc_platinum_flag/model.glb,0.25,0.2804107666015625,0.125,1,1,NATIVE_BINDINGS_METADATA_ONLY,res/field/props/models/secret_base_pc_platinum_flag.nsbmd
321,prop_model_321,source geometry multi-surface mesh model 321,source_geometry_prop,READY_GLB,EMBEDDED_TEXTURE_READY,furniture/0321_prop_model_321/model.glb,0.3749999509843967,0.373565625,0.373565625,1,1,NATIVE_BINDINGS_METADATA_ONLY,res/field/props/models/prop_model_321.nsbmd
322,prop_model_322,source geometry multi-surface mesh model 322,source_geometry_prop,READY_GLB,EMBEDDED_TEXTURE_READY,furniture/0322_prop_model_322/model.glb,0.3749999509843967,0.373565625,0.373565625,1,1,NATIVE_BINDINGS_METADATA_ONLY,res/field/props/models/prop_model_322.nsbmd
323,prop_model_323,source geometry multi-surface mesh model 323,source_geometry_prop,READY_GLB,EMBEDDED_TEXTURE_READY,furniture/0323_prop_model_323/model.glb,0.3749999509843967,0.373565625,0.373565625,1,1,NATIVE_BINDINGS_METADATA_ONLY,res/field/props/models/prop_model_323.nsbmd
324,prop_model_324,source geometry multi-surface mesh model 324,source_geometry_prop,READY_GLB,EMBEDDED_TEXTURE_READY,furniture/0324_prop_model_324/model.glb,0.3749999509843967,0.373565625,0.373565625,1,1,NATIVE_BINDINGS_METADATA_ONLY,res/field/props/models/prop_model_324.nsbmd
325,prop_model_325,source geometry multi-surface mesh model 325,source_geometry_prop,READY_GLB,EMBEDDED_TEXTURE_READY,furniture/0325_prop_model_325/model.glb,0.3749999509843967,0.373565625,0.373565625,1,1,NATIVE_BINDINGS_METADATA_ONLY,res/field/props/models/prop_model_325.nsbmd
326,prop_model_326,source geometry multi-surface mesh model 326,source_geometry_prop,READY_GLB,EMBEDDED_TEXTURE_READY,furniture/0326_prop_model_326/model.glb,0.3749999509843967,0.373565625,0.373565625,1,1,NATIVE_BINDINGS_METADATA_ONLY,res/field/props/models/prop_model_326.nsbmd
327,prop_model_327,source geometry multi-surface mesh model 327,source_geometry_prop,READY_GLB,EMBEDDED_TEXTURE_READY,furniture/0327_prop_model_327/model.glb,0.3749999509843967,0.373565625,0.373565625,1,1,NATIVE_BINDINGS_METADATA_ONLY,res/field/props/models/prop_model_327.nsbmd
328,prop_model_328,source geometry multi-surface mesh model 328,source_geometry_prop,READY_GLB,EMBEDDED_TEXTURE_READY,furniture/0328_prop_model_328/model.glb,0.3749999509843967,0.373565625,0.373565625,1,1,NATIVE_BINDINGS_METADATA_ONLY,res/field/props/models/prop_model_328.nsbmd
329,prop_model_329,source geometry compact multi-surface mesh model 329,source_geometry_prop,READY_GLB,EMBEDDED_TEXTURE_READY,furniture/0329_prop_model_329/model.glb,0.375,0.4296875,0.375,1,1,NATIVE_BINDINGS_METADATA_ONLY,res/field/props/models/prop_model_329.nsbmd
330,prop_model_330,source geometry compact multi-surface mesh model 330,source_geometry_prop,READY_GLB,EMBEDDED_TEXTURE_READY,furniture/0330_prop_model_330/model.glb,0.375,0.4296875,0.375,1,1,NATIVE_BINDINGS_METADATA_ONLY,res/field/props/models/prop_model_330.nsbmd
331,prop_model_331,source geometry compact multi-surface mesh model 331,source_geometry_prop,READY_GLB,EMBEDDED_TEXTURE_READY,furniture/0331_prop_model_331/model.glb,0.375,0.4296875,0.375,1,1,NATIVE_BINDINGS_METADATA_ONLY,res/field/props/models/prop_model_331.nsbmd
332,prop_model_332,source geometry compact multi-surface mesh model 332,source_geometry_prop,READY_GLB,EMBEDDED_TEXTURE_READY,furniture/0332_prop_model_332/model.glb,0.3125,0.4296875,0.3125,1,1,NATIVE_BINDINGS_METADATA_ONLY,res/field/props/models/prop_model_332.nsbmd
333,prop_model_333,source geometry compact multi-surface mesh model 333,source_geometry_prop,READY_GLB,EMBEDDED_TEXTURE_READY,furniture/0333_prop_model_333/model.glb,0.3125,0.4296875,0.3125,1,1,NATIVE_BINDINGS_METADATA_ONLY,res/field/props/models/prop_model_333.nsbmd
334,prop_model_334,source geometry compact multi-surface mesh model 334,source_geometry_prop,READY_GLB,EMBEDDED_TEXTURE_READY,furniture/0334_prop_model_334/model.glb,0.3125,0.4296875,0.3125,1,1,NATIVE_BINDINGS_METADATA_ONLY,res/field/props/models/prop_model_334.nsbmd
335,prop_model_335,source geometry compact multi-surface mesh model 335,source_geometry_prop,READY_GLB,EMBEDDED_TEXTURE_READY,furniture/0335_prop_model_335/model.glb,0.3125,0.4296875,0.3125,1,1,NATIVE_BINDINGS_METADATA_ONLY,res/field/props/models/prop_model_335.nsbmd
336,prop_model_336,source geometry compact multi-surface mesh model 336,source_geometry_prop,READY_GLB,EMBEDDED_TEXTURE_READY,furniture/0336_prop_model_336/model.glb,0.3125,0.4296875,0.3125,1,1,NATIVE_BINDINGS_METADATA_ONLY,res/field/props/models/prop_model_336.nsbmd
337,prop_model_337,source geometry compact multi-surface mesh model 337,source_geometry_prop,READY_GLB,EMBEDDED_TEXTURE_READY,furniture/0337_prop_model_337/model.glb,0.5,0.0,0.5,1,1,NATIVE_BINDINGS_METADATA_ONLY,res/field/props/models/prop_model_337.nsbmd
338,prop_model_338,source geometry compact multi-surface mesh model 338,source_geometry_prop,READY_GLB,EMBEDDED_TEXTURE_READY,furniture/0338_prop_model_338/model.glb,0.5,0.0,0.5,1,1,NATIVE_BINDINGS_METADATA_ONLY,res/field/props/models/prop_model_338.nsbmd
339,prop_model_339,source geometry compact multi-surface mesh model 339,source_geometry_prop,READY_GLB,EMBEDDED_TEXTURE_READY,furniture/0339_prop_model_339/model.glb,0.5,0.0,0.5,1,1,NATIVE_BINDINGS_METADATA_ONLY,res/field/props/models/prop_model_339.nsbmd
340,prop_model_340,source geometry compact multi-surface mesh model 340,source_geometry_prop,READY_GLB,EMBEDDED_TEXTURE_READY,furniture/0340_prop_model_340/model.glb,0.5,0.0,0.5,1,1,NATIVE_BINDINGS_METADATA_ONLY,res/field/props/models/prop_model_340.nsbmd
341,prop_model_341,source geometry compact multi-surface mesh model 341,source_geometry_prop,READY_GLB,EMBEDDED_TEXTURE_READY,furniture/0341_prop_model_341/model.glb,0.5,0.0,0.5,1,1,NATIVE_BINDINGS_METADATA_ONLY,res/field/props/models/prop_model_341.nsbmd
342,prop_model_342,source geometry compact multi-surface mesh model 342,source_geometry_prop,READY_GLB,EMBEDDED_TEXTURE_READY,furniture/0342_prop_model_342/model.glb,0.5,0.0,0.5,1,1,NATIVE_BINDINGS_METADATA_ONLY,res/field/props/models/prop_model_342.nsbmd
343,prop_model_343,source geometry compact multi-surface mesh model 343,source_geometry_prop,READY_GLB,EMBEDDED_TEXTURE_READY,furniture/0343_prop_model_343/model.glb,0.5,0.0,0.5,1,1,NATIVE_BINDINGS_METADATA_ONLY,res/field/props/models/prop_model_343.nsbmd
344,prop_model_344,source geometry compact multi-surface mesh model 344,source_geometry_prop,READY_GLB,EMBEDDED_TEXTURE_READY,furniture/0344_prop_model_344/model.glb,0.5,0.0,0.5,1,1,NATIVE_BINDINGS_METADATA_ONLY,res/field/props/models/prop_model_344.nsbmd
345,prop_model_345,source geometry compact multi-surface mesh model 345,source_geometry_prop,READY_GLB,EMBEDDED_TEXTURE_READY,furniture/0345_prop_model_345/model.glb,0.5,0.0,0.5,1,1,NATIVE_BINDINGS_METADATA_ONLY,res/field/props/models/prop_model_345.nsbmd
346,prop_model_346,source geometry compact multi-surface mesh model 346,source_geometry_prop,READY_GLB,EMBEDDED_TEXTURE_READY,furniture/0346_prop_model_346/model.glb,0.5,0.0,0.5,1,1,NATIVE_BINDINGS_METADATA_ONLY,res/field/props/models/prop_model_346.nsbmd
347,prop_model_347,source geometry compact multi-surface mesh model 347,source_geometry_prop,READY_GLB,EMBEDDED_TEXTURE_READY,furniture/0347_prop_model_347/model.glb,0.5,0.0,0.5,1,1,NATIVE_BINDINGS_METADATA_ONLY,res/field/props/models/prop_model_347.nsbmd
348,prop_model_348,source geometry compact multi-surface mesh model 348,source_geometry_prop,READY_GLB,EMBEDDED_TEXTURE_READY,furniture/0348_prop_model_348/model.glb,0.5,0.0,0.5,1,1,NATIVE_BINDINGS_METADATA_ONLY,res/field/props/models/prop_model_348.nsbmd
349,prop_model_349,source geometry compact multi-surface mesh model 349,source_geometry_prop,READY_GLB,EMBEDDED_TEXTURE_READY,furniture/0349_prop_model_349/model.glb,0.5,0.0,0.5,1,1,NATIVE_BINDINGS_METADATA_ONLY,res/field/props/models/prop_model_349.nsbmd
350,prop_model_350,source geometry compact multi-surface mesh model 350,source_geometry_prop,READY_GLB,EMBEDDED_TEXTURE_READY,furniture/0350_prop_model_350/model.glb,0.5,0.0,0.5,1,1,NATIVE_BINDINGS_METADATA_ONLY,res/field/props/models/prop_model_350.nsbmd
351,prop_model_351,source geometry compact multi-surface mesh model 351,source_geometry_prop,READY_GLB,EMBEDDED_TEXTURE_READY,furniture/0351_prop_model_351/model.glb,0.5,0.0,0.5,1,1,NATIVE_BINDINGS_METADATA_ONLY,res/field/props/models/prop_model_351.nsbmd
352,prop_model_352,source geometry compact multi-surface mesh model 352,source_geometry_prop,READY_GLB,EMBEDDED_TEXTURE_READY,furniture/0352_prop_model_352/model.glb,0.5,0.0,0.5,1,1,NATIVE_BINDINGS_METADATA_ONLY,res/field/props/models/prop_model_352.nsbmd
353,prop_model_353,source geometry compact multi-surface mesh model 353,source_geometry_prop,READY_GLB,EMBEDDED_TEXTURE_READY,furniture/0353_prop_model_353/model.glb,0.5,0.0,0.5,1,1,NATIVE_BINDINGS_METADATA_ONLY,res/field/props/models/prop_model_353.nsbmd
354,prop_model_354,source geometry compact multi-surface mesh model 354,source_geometry_prop,READY_GLB,EMBEDDED_TEXTURE_READY,furniture/0354_prop_model_354/model.glb,0.5,0.0,0.5,1,1,NATIVE_BINDINGS_METADATA_ONLY,res/field/props/models/prop_model_354.nsbmd
355,prop_model_355,source geometry compact multi-surface mesh model 355,source_geometry_prop,READY_GLB,EMBEDDED_TEXTURE_READY,furniture/0355_prop_model_355/model.glb,0.5,0.0,0.5,1,1,NATIVE_BINDINGS_METADATA_ONLY,res/field/props/models/prop_model_355.nsbmd
356,prop_model_356,source geometry compact multi-surface mesh model 356,source_geometry_prop,READY_GLB,EMBEDDED_TEXTURE_READY,furniture/0356_prop_model_356/model.glb,0.5,0.0,0.5,1,1,NATIVE_BINDINGS_METADATA_ONLY,res/field/props/models/prop_model_356.nsbmd
357,prop_model_357,source geometry compact multi-surface mesh model 357,source_geometry_prop,READY_GLB,EMBEDDED_TEXTURE_READY,furniture/0357_prop_model_357/model.glb,0.5,0.0,0.5,1,1,NATIVE_BINDINGS_METADATA_ONLY,res/field/props/models/prop_model_357.nsbmd
358,prop_model_358,source geometry compact multi-surface mesh model 358,source_geometry_prop,READY_GLB,EMBEDDED_TEXTURE_READY,furniture/0358_prop_model_358/model.glb,0.5,0.0,0.5,1,1,NATIVE_BINDINGS_METADATA_ONLY,res/field/props/models/prop_model_358.nsbmd
359,prop_model_359,source geometry compact multi-surface mesh model 359,source_geometry_prop,READY_GLB,EMBEDDED_TEXTURE_READY,furniture/0359_prop_model_359/model.glb,0.5,0.0,0.5,1,1,NATIVE_BINDINGS_METADATA_ONLY,res/field/props/models/prop_model_359.nsbmd
360,prop_model_360,source geometry compact multi-surface mesh model 360,source_geometry_prop,READY_GLB,EMBEDDED_TEXTURE_READY,furniture/0360_prop_model_360/model.glb,0.5,0.0,0.5,1,1,NATIVE_BINDINGS_METADATA_ONLY,res/field/props/models/prop_model_360.nsbmd
361,prop_model_361,source geometry compact multi-surface mesh model 361,source_geometry_prop,READY_GLB,EMBEDDED_TEXTURE_READY,furniture/0361_prop_model_361/model.glb,0.5,0.383026123046875,0.3213958740234375,1,1,NATIVE_BINDINGS_METADATA_ONLY,res/field/props/models/prop_model_361.nsbmd
362,prop_model_362,source geometry compact multi-surface mesh model 362,source_geometry_prop,READY_GLB,EMBEDDED_TEXTURE_READY,furniture/0362_prop_model_362/model.glb,0.5,0.383026123046875,0.3213958740234375,1,1,NATIVE_BINDINGS_METADATA_ONLY,res/field/props/models/prop_model_362.nsbmd
363,prop_model_363,source geometry compact multi-surface mesh model 363,source_geometry_prop,READY_GLB,EMBEDDED_TEXTURE_READY,furniture/0363_prop_model_363/model.glb,0.5,0.383026123046875,0.3213958740234375,1,1,NATIVE_BINDINGS_METADATA_ONLY,res/field/props/models/prop_model_363.nsbmd
364,prop_model_364,source geometry compact multi-surface mesh model 364,source_geometry_prop,READY_GLB,EMBEDDED_TEXTURE_READY,furniture/0364_prop_model_364/model.glb,0.5,0.383026123046875,0.3213958740234375,1,1,NATIVE_BINDINGS_METADATA_ONLY,res/field/props/models/prop_model_364.nsbmd
365,prop_model_365,source geometry compact multi-surface mesh model 365,source_geometry_prop,READY_GLB,EMBEDDED_TEXTURE_READY,furniture/0365_prop_model_365/model.glb,0.5,0.383026123046875,0.3213958740234375,1,1,NATIVE_BINDINGS_METADATA_ONLY,res/field/props/models/prop_model_365.nsbmd
366,prop_model_366,source geometry multi-surface mesh model 366,source_geometry_prop,READY_GLB,EMBEDDED_TEXTURE_READY,furniture/0366_prop_model_366/model.glb,0.274902144318496,0.275955,0.20634445479679292,1,1,NATIVE_BINDINGS_METADATA_ONLY,res/field/props/models/prop_model_366.nsbmd
367,prop_model_367,source geometry multi-surface mesh model 367,source_geometry_prop,READY_GLB,EMBEDDED_TEXTURE_READY,furniture/0367_prop_model_367/model.glb,0.274902144318496,0.275955,0.20634445479679292,1,1,NATIVE_BINDINGS_METADATA_ONLY,res/field/props/models/prop_model_367.nsbmd
368,prop_model_368,source geometry multi-surface mesh model 368,source_geometry_prop,READY_GLB,EMBEDDED_TEXTURE_READY,furniture/0368_prop_model_368/model.glb,0.274902144318496,0.275955,0.20634445479679292,1,1,NATIVE_BINDINGS_METADATA_ONLY,res/field/props/models/prop_model_368.nsbmd
369,prop_model_369,source geometry multi-surface mesh model 369,source_geometry_prop,READY_GLB,EMBEDDED_TEXTURE_READY,furniture/0369_prop_model_369/model.glb,0.274902144318496,0.275955,0.20634445479679292,1,1,NATIVE_BINDINGS_METADATA_ONLY,res/field/props/models/prop_model_369.nsbmd
370,prop_model_370,source geometry compact multi-surface mesh model 370,source_geometry_prop,READY_GLB,EMBEDDED_TEXTURE_READY,furniture/0370_prop_model_370/model.glb,0.38977042197178247,0.34228508086717135,0.35473625,1,1,NATIVE_BINDINGS_METADATA_ONLY,res/field/props/models/prop_model_370.nsbmd
371,prop_model_371,source geometry compact multi-surface mesh model 371,source_geometry_prop,READY_GLB,EMBEDDED_TEXTURE_READY,furniture/0371_prop_model_371/model.glb,0.38977042197178247,0.34228508086717135,0.35473625,1,1,NATIVE_BINDINGS_METADATA_ONLY,res/field/props/models/prop_model_371.nsbmd
372,prop_model_372,source geometry compact multi-surface mesh model 372,source_geometry_prop,READY_GLB,EMBEDDED_TEXTURE_READY,furniture/0372_prop_model_372/model.glb,0.38977042197178247,0.34228508086717135,0.35473625,1,1,NATIVE_BINDINGS_METADATA_ONLY,res/field/props/models/prop_model_372.nsbmd
373,prop_model_373,source geometry compact multi-surface mesh model 373,source_geometry_prop,READY_GLB,EMBEDDED_TEXTURE_READY,furniture/0373_prop_model_373/model.glb,0.38977042197178247,0.34228508086717135,0.35473625,1,1,NATIVE_BINDINGS_METADATA_ONLY,res/field/props/models/prop_model_373.nsbmd
374,prop_model_374,source geometry compact multi-surface mesh model 374,source_geometry_prop,READY_GLB,EMBEDDED_TEXTURE_READY,furniture/0374_prop_model_374/model.glb,0.5,0.383026123046875,0.3213958740234375,1,1,NATIVE_BINDINGS_METADATA_ONLY,res/field/props/models/prop_model_374.nsbmd
375,prop_model_375,source geometry compact multi-surface mesh model 375,source_geometry_prop,READY_GLB,EMBEDDED_TEXTURE_READY,furniture/0375_prop_model_375/model.glb,0.5,0.383026123046875,0.3213958740234375,1,1,NATIVE_BINDINGS_METADATA_ONLY,res/field/props/models/prop_model_375.nsbmd
376,prop_model_376,source geometry compact multi-surface mesh model 376,source_geometry_prop,READY_GLB,EMBEDDED_TEXTURE_READY,furniture/0376_prop_model_376/model.glb,0.5,0.383026123046875,0.3213958740234375,1,1,NATIVE_BINDINGS_METADATA_ONLY,res/field/props/models/prop_model_376.nsbmd
377,prop_model_377,source geometry compact multi-surface mesh model 377,source_geometry_prop,READY_GLB,EMBEDDED_TEXTURE_READY,furniture/0377_prop_model_377/model.glb,0.5,0.383026123046875,0.3213958740234375,1,1,NATIVE_BINDINGS_METADATA_ONLY,res/field/props/models/prop_model_377.nsbmd
378,prop_model_378,source geometry compact multi-surface mesh model 378,source_geometry_prop,READY_GLB,EMBEDDED_TEXTURE_READY,furniture/0378_prop_model_378/model.glb,0.39999375,0.3950041278038453,0.3652800175955596,1,1,NATIVE_BINDINGS_METADATA_ONLY,res/field/props/models/prop_model_378.nsbmd
379,prop_model_379,source geometry compact multi-surface mesh model 379,source_geometry_prop,READY_GLB,EMBEDDED_TEXTURE_READY,furniture/0379_prop_model_379/model.glb,0.39999375,0.3950041278038453,0.3652800175955596,1,1,NATIVE_BINDINGS_METADATA_ONLY,res/field/props/models/prop_model_379.nsbmd
380,prop_model_380,source geometry multi-surface mesh model 380,source_geometry_prop,READY_GLB,EMBEDDED_TEXTURE_READY,furniture/0380_prop_model_380/model.glb,0.40127589258296914,0.16339121825912364,0.38758875,1,1,NATIVE_BINDINGS_METADATA_ONLY,res/field/props/models/prop_model_380.nsbmd
381,prop_model_381,source geometry compact multi-surface mesh model 381,source_geometry_prop,READY_GLB,EMBEDDED_TEXTURE_READY,furniture/0381_prop_model_381/model.glb,0.5,0.383026123046875,0.3213958740234375,1,1,NATIVE_BINDINGS_METADATA_ONLY,res/field/props/models/prop_model_381.nsbmd
382,prop_model_382,source geometry compact multi-surface mesh model 382,source_geometry_prop,READY_GLB,EMBEDDED_TEXTURE_READY,furniture/0382_prop_model_382/model.glb,0.5,0.383026123046875,0.3213958740234375,1,1,NATIVE_BINDINGS_METADATA_ONLY,res/field/props/models/prop_model_382.nsbmd
383,prop_model_383,source geometry compact multi-surface mesh model 383,source_geometry_prop,READY_GLB,EMBEDDED_TEXTURE_READY,furniture/0383_prop_model_383/model.glb,0.5,0.383026123046875,0.3213958740234375,1,1,NATIVE_BINDINGS_METADATA_ONLY,res/field/props/models/prop_model_383.nsbmd
384,prop_model_384,source geometry compact multi-surface mesh model 384,source_geometry_prop,READY_GLB,EMBEDDED_TEXTURE_READY,furniture/0384_prop_model_384/model.glb,0.5,0.383026123046875,0.3213958740234375,1,1,NATIVE_BINDINGS_METADATA_ONLY,res/field/props/models/prop_model_384.nsbmd
385,prop_model_385,source geometry compact multi-surface mesh model 385,source_geometry_prop,READY_GLB,EMBEDDED_TEXTURE_READY,furniture/0385_prop_model_385/model.glb,0.5,0.383026123046875,0.3213958740234375,1,1,NATIVE_BINDINGS_METADATA_ONLY,res/field/props/models/prop_model_385.nsbmd
386,prop_model_386,source geometry compact multi-surface mesh model 386,source_geometry_prop,READY_GLB,EMBEDDED_TEXTURE_READY,furniture/0386_prop_model_386/model.glb,0.5,0.383026123046875,0.3213958740234375,1,1,NATIVE_BINDINGS_METADATA_ONLY,res/field/props/models/prop_model_386.nsbmd
387,prop_model_387,source geometry compact multi-surface mesh model 387,source_geometry_prop,READY_GLB,EMBEDDED_TEXTURE_READY,furniture/0387_prop_model_387/model.glb,0.5,0.383026123046875,0.3213958740234375,1,1,NATIVE_BINDINGS_METADATA_ONLY,res/field/props/models/prop_model_387.nsbmd
388,prop_model_388,source geometry compact multi-surface mesh model 388,source_geometry_prop,READY_GLB,EMBEDDED_TEXTURE_READY,furniture/0388_prop_model_388/model.glb,0.5,0.383026123046875,0.3213958740234375,1,1,NATIVE_BINDINGS_METADATA_ONLY,res/field/props/models/prop_model_388.nsbmd
389,prop_model_389,source geometry compact multi-surface mesh model 389,source_geometry_prop,READY_GLB,EMBEDDED_TEXTURE_READY,furniture/0389_prop_model_389/model.glb,0.5,0.383026123046875,0.3213958740234375,1,1,NATIVE_BINDINGS_METADATA_ONLY,res/field/props/models/prop_model_389.nsbmd
390,prop_model_390,source geometry compact multi-surface mesh model 390,source_geometry_prop,READY_GLB,EMBEDDED_TEXTURE_READY,furniture/0390_prop_model_390/model.glb,0.5,0.383026123046875,0.3213958740234375,1,1,NATIVE_BINDINGS_METADATA_ONLY,res/field/props/models/prop_model_390.nsbmd
391,prop_model_391,source geometry compact multi-surface mesh model 391,source_geometry_prop,READY_GLB,EMBEDDED_TEXTURE_READY,furniture/0391_prop_model_391/model.glb,0.5,0.383026123046875,0.3213958740234375,1,1,NATIVE_BINDINGS_METADATA_ONLY,res/field/props/models/prop_model_391.nsbmd
392,prop_model_392,source geometry compact multi-surface mesh model 392,source_geometry_prop,READY_GLB,EMBEDDED_TEXTURE_READY,furniture/0392_prop_model_392/model.glb,0.5,0.383026123046875,0.3213958740234375,1,1,NATIVE_BINDINGS_METADATA_ONLY,res/field/props/models/prop_model_392.nsbmd
393,prop_model_393,source geometry compact multi-surface mesh model 393,source_geometry_prop,READY_GLB,EMBEDDED_TEXTURE_READY,furniture/0393_prop_model_393/model.glb,0.5,0.383026123046875,0.3213958740234375,1,1,NATIVE_BINDINGS_METADATA_ONLY,res/field/props/models/prop_model_393.nsbmd
394,prop_model_394,source geometry compact multi-surface mesh model 394,source_geometry_prop,READY_GLB,EMBEDDED_TEXTURE_READY,furniture/0394_prop_model_394/model.glb,0.5,0.383026123046875,0.3213958740234375,1,1,NATIVE_BINDINGS_METADATA_ONLY,res/field/props/models/prop_model_394.nsbmd
395,prop_model_395,source geometry compact multi-surface mesh model 395,source_geometry_prop,READY_GLB,EMBEDDED_TEXTURE_READY,furniture/0395_prop_model_395/model.glb,0.5,0.383026123046875,0.3213958740234375,1,1,NATIVE_BINDINGS_METADATA_ONLY,res/field/props/models/prop_model_395.nsbmd
396,prop_model_396,source geometry compact multi-surface mesh model 396,source_geometry_prop,READY_GLB,EMBEDDED_TEXTURE_READY,furniture/0396_prop_model_396/model.glb,0.5,0.383026123046875,0.3213958740234375,1,1,NATIVE_BINDINGS_METADATA_ONLY,res/field/props/models/prop_model_396.nsbmd
397,prop_model_397,source geometry compact multi-surface mesh model 397,source_geometry_prop,READY_GLB,EMBEDDED_TEXTURE_READY,furniture/0397_prop_model_397/model.glb,0.5,0.383026123046875,0.3213958740234375,1,1,NATIVE_BINDINGS_METADATA_ONLY,res/field/props/models/prop_model_397.nsbmd
398,prop_model_398,source geometry compact multi-surface mesh model 398,source_geometry_prop,READY_GLB,EMBEDDED_TEXTURE_READY,furniture/0398_prop_model_398/model.glb,0.5,0.383026123046875,0.3213958740234375,1,1,NATIVE_BINDINGS_METADATA_ONLY,res/field/props/models/prop_model_398.nsbmd
399,prop_model_399,source geometry compact multi-surface mesh model 399,source_geometry_prop,READY_GLB,EMBEDDED_TEXTURE_READY,furniture/0399_prop_model_399/model.glb,0.5,0.383026123046875,0.3213958740234375,1,1,NATIVE_BINDINGS_METADATA_ONLY,res/field/props/models/prop_model_399.nsbmd
400,prop_model_400,source geometry compact multi-surface mesh model 400,source_geometry_prop,READY_GLB,EMBEDDED_TEXTURE_READY,furniture/0400_prop_model_400/model.glb,0.5,0.383026123046875,0.3213958740234375,1,1,NATIVE_BINDINGS_METADATA_ONLY,res/field/props/models/prop_model_400.nsbmd
401,prop_model_401,source geometry compact multi-surface mesh model 401,source_geometry_prop,READY_GLB,EMBEDDED_TEXTURE_READY,furniture/0401_prop_model_401/model.glb,0.5,0.383026123046875,0.3213958740234375,1,1,NATIVE_BINDINGS_METADATA_ONLY,res/field/props/models/prop_model_401.nsbmd
402,prop_model_402,source geometry compact multi-surface mesh model 402,source_geometry_prop,READY_GLB,EMBEDDED_TEXTURE_READY,furniture/0402_prop_model_402/model.glb,0.5,0.383026123046875,0.3213958740234375,1,1,NATIVE_BINDINGS_METADATA_ONLY,res/field/props/models/prop_model_402.nsbmd
403,prop_model_403,source geometry compact multi-surface mesh model 403,source_geometry_prop,READY_GLB,EMBEDDED_TEXTURE_READY,furniture/0403_prop_model_403/model.glb,0.5,0.383026123046875,0.3213958740234375,1,1,NATIVE_BINDINGS_METADATA_ONLY,res/field/props/models/prop_model_403.nsbmd
404,prop_model_404,source geometry compact multi-surface mesh model 404,source_geometry_prop,READY_GLB,EMBEDDED_TEXTURE_READY,furniture/0404_prop_model_404/model.glb,0.5,0.383026123046875,0.3213958740234375,1,1,NATIVE_BINDINGS_METADATA_ONLY,res/field/props/models/prop_model_404.nsbmd
405,prop_model_405,source geometry compact multi-surface mesh model 405,source_geometry_prop,READY_GLB,EMBEDDED_TEXTURE_READY,furniture/0405_prop_model_405/model.glb,0.5,0.383026123046875,0.3213958740234375,1,1,NATIVE_BINDINGS_METADATA_ONLY,res/field/props/models/prop_model_405.nsbmd
406,prop_model_406,source geometry compact multi-surface mesh model 406,source_geometry_prop,READY_GLB,EMBEDDED_TEXTURE_READY,furniture/0406_prop_model_406/model.glb,0.5,0.383026123046875,0.3213958740234375,1,1,NATIVE_BINDINGS_METADATA_ONLY,res/field/props/models/prop_model_406.nsbmd
407,prop_model_407,source geometry compact multi-surface mesh model 407,source_geometry_prop,READY_GLB,EMBEDDED_TEXTURE_READY,furniture/0407_prop_model_407/model.glb,0.5,0.383026123046875,0.3213958740234375,1,1,NATIVE_BINDINGS_METADATA_ONLY,res/field/props/models/prop_model_407.nsbmd
408,prop_model_408,source geometry compact multi-surface mesh model 408,source_geometry_prop,READY_GLB,EMBEDDED_TEXTURE_READY,furniture/0408_prop_model_408/model.glb,0.5,0.383026123046875,0.3213958740234375,1,1,NATIVE_BINDINGS_METADATA_ONLY,res/field/props/models/prop_model_408.nsbmd
409,prop_model_409,source geometry compact multi-surface mesh model 409,source_geometry_prop,READY_GLB,EMBEDDED_TEXTURE_READY,furniture/0409_prop_model_409/model.glb,0.5,0.383026123046875,0.3213958740234375,1,1,NATIVE_BINDINGS_METADATA_ONLY,res/field/props/models/prop_model_409.nsbmd
410,prop_model_410,source geometry compact multi-surface mesh model 410,source_geometry_prop,READY_GLB,EMBEDDED_TEXTURE_READY,furniture/0410_prop_model_410/model.glb,0.5,0.383026123046875,0.3213958740234375,1,1,NATIVE_BINDINGS_METADATA_ONLY,res/field/props/models/prop_model_410.nsbmd
411,prop_model_411,source geometry compact multi-surface mesh model 411,source_geometry_prop,READY_GLB,EMBEDDED_TEXTURE_READY,furniture/0411_prop_model_411/model.glb,0.5,0.383026123046875,0.3213958740234375,1,1,NATIVE_BINDINGS_METADATA_ONLY,res/field/props/models/prop_model_411.nsbmd
412,prop_model_412,source geometry compact multi-surface mesh model 412,source_geometry_prop,READY_GLB,EMBEDDED_TEXTURE_READY,furniture/0412_prop_model_412/model.glb,0.5,0.383026123046875,0.3213958740234375,1,1,NATIVE_BINDINGS_METADATA_ONLY,res/field/props/models/prop_model_412.nsbmd
413,prop_model_413,source geometry compact multi-surface mesh model 413,source_geometry_prop,READY_GLB,EMBEDDED_TEXTURE_READY,furniture/0413_prop_model_413/model.glb,0.5,0.383026123046875,0.3213958740234375,1,1,NATIVE_BINDINGS_METADATA_ONLY,res/field/props/models/prop_model_413.nsbmd
414,prop_model_414,source geometry compact multi-surface mesh model 414,source_geometry_prop,READY_GLB,EMBEDDED_TEXTURE_READY,furniture/0414_prop_model_414/model.glb,0.5,0.383026123046875,0.3213958740234375,1,1,NATIVE_BINDINGS_METADATA_ONLY,res/field/props/models/prop_model_414.nsbmd
415,prop_model_415,source geometry compact multi-surface mesh model 415,source_geometry_prop,READY_GLB,EMBEDDED_TEXTURE_READY,furniture/0415_prop_model_415/model.glb,0.5,0.383026123046875,0.3213958740234375,1,1,NATIVE_BINDINGS_METADATA_ONLY,res/field/props/models/prop_model_415.nsbmd
416,prop_model_416,source geometry compact multi-surface mesh model 416,source_geometry_prop,READY_GLB,EMBEDDED_TEXTURE_READY,furniture/0416_prop_model_416/model.glb,0.5,0.383026123046875,0.3213958740234375,1,1,NATIVE_BINDINGS_METADATA_ONLY,res/field/props/models/prop_model_416.nsbmd
417,prop_model_417,source geometry compact multi-surface mesh model 417,source_geometry_prop,READY_GLB,EMBEDDED_TEXTURE_READY,furniture/0417_prop_model_417/model.glb,0.5,0.383026123046875,0.3213958740234375,1,1,NATIVE_BINDINGS_METADATA_ONLY,res/field/props/models/prop_model_417.nsbmd
418,prop_model_418,source geometry multi-surface mesh model 418,source_geometry_prop,READY_GLB,EMBEDDED_TEXTURE_READY,furniture/0418_prop_model_418/model.glb,0.3749999509843967,0.373565625,0.373565625,1,1,NATIVE_BINDINGS_METADATA_ONLY,res/field/props/models/prop_model_418.nsbmd
419,prop_model_419,source geometry compact multi-surface mesh model 419,source_geometry_prop,READY_GLB,EMBEDDED_TEXTURE_READY,furniture/0419_prop_model_419/model.glb,0.15625,0.2421875,0.109375,1,1,NATIVE_BINDINGS_METADATA_ONLY,res/field/props/models/prop_model_419.nsbmd
420,prop_model_420,source geometry multi-surface mesh model 420,source_geometry_prop,READY_GLB,EMBEDDED_TEXTURE_READY,furniture/0420_prop_model_420/model.glb,0.3749999509843967,0.373565625,0.373565625,1,1,NATIVE_BINDINGS_METADATA_ONLY,res/field/props/models/prop_model_420.nsbmd
421,prop_model_421,source geometry compact multi-surface mesh model 421,source_geometry_prop,READY_GLB,EMBEDDED_TEXTURE_READY,furniture/0421_prop_model_421/model.glb,0.484375,0.28125,0.375,1,1,NATIVE_BINDINGS_METADATA_ONLY,res/field/props/models/prop_model_421.nsbmd
422,prop_model_422,source geometry multi-surface mesh model 422,source_geometry_prop,READY_GLB,EMBEDDED_TEXTURE_READY,furniture/0422_prop_model_422/model.glb,0.15625,0.2702178955078125,0.1796875,1,1,NATIVE_BINDINGS_METADATA_ONLY,res/field/props/models/prop_model_422.nsbmd
423,prop_model_423,source geometry compact multi-surface mesh model 423,source_geometry_prop,READY_GLB,EMBEDDED_TEXTURE_READY,furniture/0423_prop_model_423/model.glb,0.25,0.3827667236328125,0.25,1,1,NATIVE_BINDINGS_METADATA_ONLY,res/field/props/models/prop_model_423.nsbmd
424,prop_model_424,source geometry multi-surface mesh model 424,source_geometry_prop,READY_GLB,EMBEDDED_TEXTURE_READY,furniture/0424_prop_model_424/model.glb,0.1875,0.2894744873046875,0.1875,1,1,NATIVE_BINDINGS_METADATA_ONLY,res/field/props/models/prop_model_424.nsbmd
425,pokecenter_stair_up_right,named source prop pokecenter stair up right,named_source_prop_object,READY_GLB,EMBEDDED_TEXTURE_READY,furniture/0425_pokecenter_stair_up_right/model.glb,0.25,0.28125,0.25,1,1,NATIVE_BINDINGS_METADATA_ONLY,res/field/props/models/pokecenter_stair_up_right.nsbmd
426,pokecenter_stair_down_right,named source prop pokecenter stair down right,named_source_prop_object,READY_GLB,EMBEDDED_TEXTURE_READY,furniture/0426_pokecenter_stair_down_right/model.glb,0.5,0.625,0.5,1,1,NATIVE_BINDINGS_METADATA_ONLY,res/field/props/models/pokecenter_stair_down_right.nsbmd
427,pokecenter_inside_door,named source prop pokecenter inside door,named_source_prop_door,READY_GLB,EMBEDDED_TEXTURE_READY,furniture/0427_pokecenter_inside_door/model.glb,0.3125,0.4765625,0.0,1,0,NATIVE_BINDINGS_METADATA_ONLY,res/field/props/models/pokecenter_inside_door.nsbmd
428,prop_model_428,source geometry compact multi-surface mesh model 428,source_geometry_prop,READY_GLB,EMBEDDED_TEXTURE_READY,furniture/0428_prop_model_428/model.glb,0.5,0.0,0.5,1,1,NATIVE_BINDINGS_METADATA_ONLY,res/field/props/models/prop_model_428.nsbmd
429,secret_base_entrance_north,named source prop secret base entrance north,named_source_prop_object,READY_GLB,EMBEDDED_TEXTURE_READY,furniture/0429_secret_base_entrance_north/model.glb,0.7000125,0.4064943107507193,0.5698702336188857,1,1,NATIVE_BINDINGS_METADATA_ONLY,res/field/props/models/secret_base_entrance_north.nsbmd
430,secret_base_entrance_south,named source prop secret base entrance south,named_source_prop_object,READY_GLB,EMBEDDED_TEXTURE_READY,furniture/0430_secret_base_entrance_south/model.glb,0.3500062464117122,0.23919687500000003,0.25550852716732586,1,1,NATIVE_BINDINGS_METADATA_ONLY,res/field/props/models/secret_base_entrance_south.nsbmd
431,secret_base_entrance_west,named source prop secret base entrance west,named_source_prop_object,READY_GLB,EMBEDDED_TEXTURE_READY,furniture/0431_secret_base_entrance_west/model.glb,0.548171875,0.4353331550104384,0.7000120511482254,1,1,NATIVE_BINDINGS_METADATA_ONLY,res/field/props/models/secret_base_entrance_west.nsbmd
432,secret_base_entrance_east,named source prop secret base entrance east,named_source_prop_object,READY_GLB,EMBEDDED_TEXTURE_READY,furniture/0432_secret_base_entrance_east/model.glb,0.548171875,0.4353331550104384,0.7000120511482254,1,1,NATIVE_BINDINGS_METADATA_ONLY,res/field/props/models/secret_base_entrance_east.nsbmd
433,prop_model_433,source geometry multi-surface mesh model 433,source_geometry_prop,READY_GLB,EMBEDDED_TEXTURE_READY,furniture/0433_prop_model_433/model.glb,0.78125,0.4453125,0.375,1,1,NATIVE_BINDINGS_METADATA_ONLY,res/field/props/models/prop_model_433.nsbmd
434,prop_model_434,source geometry tall or long surface model 434,source_geometry_prop,READY_GLB,EMBEDDED_TEXTURE_READY,furniture/0434_prop_model_434/model.glb,0.15625,0.35546875,0.125,1,1,NATIVE_BINDINGS_METADATA_ONLY,res/field/props/models/prop_model_434.nsbmd
435,prop_model_435,source geometry multi-surface mesh model 435,source_geometry_prop,READY_GLB,EMBEDDED_TEXTURE_READY,furniture/0435_prop_model_435/model.glb,0.140625,0.30859375,0.125,1,1,NATIVE_BINDINGS_METADATA_ONLY,res/field/props/models/prop_model_435.nsbmd
436,prop_model_436,source geometry multi-surface mesh model 436,source_geometry_prop,READY_GLB,EMBEDDED_TEXTURE_READY,furniture/0436_prop_model_436/model.glb,0.25,0.3515625,0.25,1,1,NATIVE_BINDINGS_METADATA_ONLY,res/field/props/models/prop_model_436.nsbmd
437,prop_model_437,source geometry compact multi-surface mesh model 437,source_geometry_prop,READY_GLB,EMBEDDED_TEXTURE_READY,furniture/0437_prop_model_437/model.glb,0.34375,0.0,0.15625,1,1,NATIVE_BINDINGS_METADATA_ONLY,res/field/props/models/prop_model_437.nsbmd
438,yellow_wooden_door,named source prop yellow wooden door,named_source_prop_door,READY_GLB,EMBEDDED_TEXTURE_READY,furniture/0438_yellow_wooden_door/model.glb,0.3125,0.453125,0.03125,1,1,NATIVE_BINDINGS_METADATA_ONLY,res/field/props/models/yellow_wooden_door.nsbmd
439,prop_model_439,source geometry tall or long surface model 439,source_geometry_prop,READY_GLB,EMBEDDED_TEXTURE_READY,furniture/0439_prop_model_439/model.glb,0.35233324735839466,0.5203550000000001,0.1725194327527035,1,1,NATIVE_BINDINGS_METADATA_ONLY,res/field/props/models/prop_model_439.nsbmd
440,prop_model_440,source geometry tall or long surface model 440,source_geometry_prop,READY_GLB,EMBEDDED_TEXTURE_READY,furniture/0440_prop_model_440/model.glb,0.3174806413140993,0.505950625,0.16096857018579505,1,1,NATIVE_BINDINGS_METADATA_ONLY,res/field/props/models/prop_model_440.nsbmd
441,mansion_door,named source prop mansion door,named_source_prop_door,READY_GLB,EMBEDDED_TEXTURE_READY,furniture/0441_mansion_door/model.glb,0.3125,0.40625,0.046875,1,1,NATIVE_BINDINGS_METADATA_ONLY,res/field/props/models/mansion_door.nsbmd
442,veilstone_dpt_store_door,named source prop veilstone dpt store door,named_source_prop_door,READY_GLB,EMBEDDED_TEXTURE_READY,furniture/0442_veilstone_dpt_store_door/model.glb,0.375,0.40625,0.0,1,0,NATIVE_BINDINGS_METADATA_ONLY,res/field/props/models/veilstone_dpt_store_door.nsbmd
443,prop_model_443,source geometry multi-surface mesh model 443,source_geometry_prop,READY_GLB,EMBEDDED_TEXTURE_READY,furniture/0443_prop_model_443/model.glb,0.7027896145158347,0.33438125,0.5482943075773479,1,1,NATIVE_BINDINGS_METADATA_ONLY,res/field/props/models/prop_model_443.nsbmd
444,blue_wooden_door,named source prop blue wooden door,named_source_prop_door,READY_GLB,EMBEDDED_TEXTURE_READY,furniture/0444_blue_wooden_door/model.glb,0.3125,0.453125,0.03125,1,1,NATIVE_BINDINGS_METADATA_ONLY,res/field/props/models/blue_wooden_door.nsbmd
445,prop_model_445,source geometry tall or long surface model 445,source_geometry_prop,READY_GLB,EMBEDDED_TEXTURE_READY,furniture/0445_prop_model_445/model.glb,0.1171875,0.435546875,0.1015625,1,1,NATIVE_BINDINGS_METADATA_ONLY,res/field/props/models/prop_model_445.nsbmd
446,prop_model_446,source geometry compact multi-surface mesh model 446,source_geometry_prop,READY_GLB,EMBEDDED_TEXTURE_READY,furniture/0446_prop_model_446/model.glb,0.5,0.328125,0.34375,1,1,NATIVE_BINDINGS_METADATA_ONLY,res/field/props/models/prop_model_446.nsbmd
447,prop_model_447,source geometry multi-surface mesh model 447,source_geometry_prop,READY_GLB,EMBEDDED_TEXTURE_READY,furniture/0447_prop_model_447/model.glb,0.2109375,0.3359375,0.203125,1,1,NATIVE_BINDINGS_METADATA_ONLY,res/field/props/models/prop_model_447.nsbmd
448,prop_model_448,source geometry multi-surface mesh model 448,source_geometry_prop,READY_GLB,EMBEDDED_TEXTURE_READY,furniture/0448_prop_model_448/model.glb,0.40234375,0.3800201416015625,0.4765625,1,1,NATIVE_BINDINGS_METADATA_ONLY,res/field/props/models/prop_model_448.nsbmd
449,prop_model_449,source geometry tall or long surface model 449,source_geometry_prop,READY_GLB,EMBEDDED_TEXTURE_READY,furniture/0449_prop_model_449/model.glb,0.5335542544457423,0.14944462973779854,0.3526612499999999,1,1,NATIVE_BINDINGS_METADATA_ONLY,res/field/props/models/prop_model_449.nsbmd
450,prop_model_450,source geometry multi-surface mesh model 450,source_geometry_prop,READY_GLB,EMBEDDED_TEXTURE_READY,furniture/0450_prop_model_450/model.glb,0.6796875,0.490234375,0.453125,1,1,NATIVE_BINDINGS_METADATA_ONLY,res/field/props/models/prop_model_450.nsbmd
451,prop_model_451,source geometry multi-surface mesh model 451,source_geometry_prop,READY_GLB,EMBEDDED_TEXTURE_READY,furniture/0451_prop_model_451/model.glb,0.5218200108167095,0.39851374999999994,0.3437499620936555,1,1,NATIVE_BINDINGS_METADATA_ONLY,res/field/props/models/prop_model_451.nsbmd
452,prop_model_452,source geometry multi-surface mesh model 452,source_geometry_prop,READY_GLB,EMBEDDED_TEXTURE_READY,furniture/0452_prop_model_452/model.glb,0.179885625,0.2568355958944779,0.14314250980787174,1,1,NATIVE_BINDINGS_METADATA_ONLY,res/field/props/models/prop_model_452.nsbmd
453,prop_model_453,source geometry multi-surface mesh model 453,source_geometry_prop,READY_GLB,EMBEDDED_TEXTURE_READY,furniture/0453_prop_model_453/model.glb,0.203125,0.3359375,0.203125,1,1,NATIVE_BINDINGS_METADATA_ONLY,res/field/props/models/prop_model_453.nsbmd
454,prop_model_454,source geometry multi-surface mesh model 454,source_geometry_prop,READY_GLB,EMBEDDED_TEXTURE_READY,furniture/0454_prop_model_454/model.glb,0.34375,0.30859375,0.26171875,1,1,NATIVE_BINDINGS_METADATA_ONLY,res/field/props/models/prop_model_454.nsbmd
455,prop_model_455,source geometry multi-surface mesh model 455,source_geometry_prop,READY_GLB,EMBEDDED_TEXTURE_READY,furniture/0455_prop_model_455/model.glb,0.5,0.3046875,0.508453369140625,1,1,NATIVE_BINDINGS_METADATA_ONLY,res/field/props/models/prop_model_455.nsbmd
456,gts_inside_door,named source prop gts inside door,named_source_prop_door,READY_GLB,EMBEDDED_TEXTURE_READY,furniture/0456_gts_inside_door/model.glb,0.3125,0.4765625,0.0,1,0,NATIVE_BINDINGS_METADATA_ONLY,res/field/props/models/gts_inside_door.nsbmd
457,prop_model_457,source geometry tall or long surface model 457,source_geometry_prop,READY_GLB,EMBEDDED_TEXTURE_READY,furniture/0457_prop_model_457/model.glb,0.651428125,0.18749997189168932,0.651428125,1,1,NATIVE_BINDINGS_METADATA_ONLY,res/field/props/models/prop_model_457.nsbmd
458,sunyshore_gear_dead_end,named source prop sunyshore gear dead end,named_source_prop_object,READY_GLB,EMBEDDED_TEXTURE_READY,furniture/0458_sunyshore_gear_dead_end/model.glb,0.64444,0.1875000880806933,0.64444,1,1,NATIVE_BINDINGS_METADATA_ONLY,res/field/props/models/sunyshore_gear_dead_end.nsbmd
459,sunyshore_gear_L,named source prop sunyshore gear l,named_source_prop_object,READY_GLB,EMBEDDED_TEXTURE_READY,furniture/0459_sunyshore_gear_L/model.glb,0.651428125,0.18749997189168932,0.651428125,1,1,NATIVE_BINDINGS_METADATA_ONLY,res/field/props/models/sunyshore_gear_L.nsbmd
460,sunyshore_gear_L_alt,named source prop sunyshore gear l alt,named_source_prop_object,READY_GLB,EMBEDDED_TEXTURE_READY,furniture/0460_sunyshore_gear_L_alt/model.glb,0.64444,0.1875000880806933,0.64444,1,1,NATIVE_BINDINGS_METADATA_ONLY,res/field/props/models/sunyshore_gear_L_alt.nsbmd
461,sunyshore_gear_T,named source prop sunyshore gear t,named_source_prop_object,READY_GLB,EMBEDDED_TEXTURE_READY,furniture/0461_sunyshore_gear_T/model.glb,0.651428125,0.18749997189168932,0.651428125,1,1,NATIVE_BINDINGS_METADATA_ONLY,res/field/props/models/sunyshore_gear_T.nsbmd
462,sunyshore_gear_T_alt,named source prop sunyshore gear t alt,named_source_prop_object,READY_GLB,EMBEDDED_TEXTURE_READY,furniture/0462_sunyshore_gear_T_alt/model.glb,0.64444,0.1875000880806933,0.64444,1,1,NATIVE_BINDINGS_METADATA_ONLY,res/field/props/models/sunyshore_gear_T_alt.nsbmd
463,sunyshore_gear_vertical,named source prop sunyshore gear vertical,named_source_prop_object,READY_GLB,EMBEDDED_TEXTURE_READY,furniture/0463_sunyshore_gear_vertical/model.glb,0.3593751688213288,0.64444,0.64444,1,1,NATIVE_BINDINGS_METADATA_ONLY,res/field/props/models/sunyshore_gear_vertical.nsbmd
464,sunyshore_gear_vertical_alt,named source prop sunyshore gear vertical alt,named_source_prop_object,READY_GLB,EMBEDDED_TEXTURE_READY,furniture/0464_sunyshore_gear_vertical_alt/model.glb,0.35937494612573784,0.651428125,0.651428125,1,1,NATIVE_BINDINGS_METADATA_ONLY,res/field/props/models/sunyshore_gear_vertical_alt.nsbmd
465,prop_model_465,source geometry compact multi-surface mesh model 465,source_geometry_prop,READY_GLB,EMBEDDED_TEXTURE_READY,furniture/0465_prop_model_465/model.glb,0.5,0.0,0.5,1,1,NATIVE_BINDINGS_METADATA_ONLY,res/field/props/models/prop_model_465.nsbmd
466,prop_model_466,source geometry compact multi-surface mesh model 466,source_geometry_prop,READY_GLB,EMBEDDED_TEXTURE_READY,furniture/0466_prop_model_466/model.glb,0.5,0.0,0.5,1,1,NATIVE_BINDINGS_METADATA_ONLY,res/field/props/models/prop_model_466.nsbmd
467,prop_model_467,source geometry compact multi-surface mesh model 467,source_geometry_prop,READY_GLB,EMBEDDED_TEXTURE_READY,furniture/0467_prop_model_467/model.glb,0.5,0.0,0.5,1,1,NATIVE_BINDINGS_METADATA_ONLY,res/field/props/models/prop_model_467.nsbmd
468,prop_model_468,source geometry compact multi-surface mesh model 468,source_geometry_prop,READY_GLB,EMBEDDED_TEXTURE_READY,furniture/0468_prop_model_468/model.glb,0.375,0.25,0.25,1,1,NATIVE_BINDINGS_METADATA_ONLY,res/field/props/models/prop_model_468.nsbmd
469,prop_model_469,source geometry tall or long surface model 469,source_geometry_prop,READY_GLB,EMBEDDED_TEXTURE_READY,furniture/0469_prop_model_469/model.glb,0.109375,0.2854766845703125,0.109375,1,1,NATIVE_BINDINGS_METADATA_ONLY,res/field/props/models/prop_model_469.nsbmd
470,prop_model_470,source geometry multi-surface mesh model 470,source_geometry_prop,READY_GLB,EMBEDDED_TEXTURE_READY,furniture/0470_prop_model_470/model.glb,0.1875,0.2913665771484375,0.1292877197265625,1,1,NATIVE_BINDINGS_METADATA_ONLY,res/field/props/models/prop_model_470.nsbmd
471,prop_model_471,source geometry compact multi-surface mesh model 471,source_geometry_prop,READY_GLB,EMBEDDED_TEXTURE_READY,furniture/0471_prop_model_471/model.glb,0.24992375,0.2670441143384822,0.4606934403809757,1,1,NATIVE_BINDINGS_METADATA_ONLY,res/field/props/models/prop_model_471.nsbmd
472,prop_model_472,source geometry compact multi-surface mesh model 472,source_geometry_prop,READY_GLB,EMBEDDED_TEXTURE_READY,furniture/0472_prop_model_472/model.glb,0.252243125,0.26704415526132724,0.46069351097937217,1,1,NATIVE_BINDINGS_METADATA_ONLY,res/field/props/models/prop_model_472.nsbmd
473,prop_model_473,source geometry tall or long surface model 473,source_geometry_prop,READY_GLB,EMBEDDED_TEXTURE_READY,furniture/0473_prop_model_473/model.glb,0.26171875,0.0546875,0.51171875,1,1,NATIVE_BINDINGS_METADATA_ONLY,res/field/props/models/prop_model_473.nsbmd
474,prop_model_474,source geometry compact multi-surface mesh model 474,source_geometry_prop,READY_GLB,EMBEDDED_TEXTURE_READY,furniture/0474_prop_model_474/model.glb,0.1875,0.359375,0.15625,1,1,NATIVE_BINDINGS_METADATA_ONLY,res/field/props/models/prop_model_474.nsbmd
475,great_marsh_train,named source prop great marsh train,named_source_prop_object,READY_GLB,EMBEDDED_TEXTURE_READY,furniture/0475_great_marsh_train/model.glb,0.40915606543421745,0.007094036787748337,0.49609375,1,1,NATIVE_BINDINGS_METADATA_ONLY,res/field/props/models/great_marsh_train.nsbmd
476,prop_model_476,source geometry multi-surface mesh model 476,source_geometry_prop,READY_GLB,EMBEDDED_TEXTURE_READY,furniture/0476_prop_model_476/model.glb,0.203125,0.3359375,0.203125,1,1,NATIVE_BINDINGS_METADATA_ONLY,res/field/props/models/prop_model_476.nsbmd
477,prop_model_477,source geometry multi-surface mesh model 477,source_geometry_prop,READY_GLB,EMBEDDED_TEXTURE_READY,furniture/0477_prop_model_477/model.glb,0.541015625,0.6757049560546875,0.63671875,1,1,NATIVE_BINDINGS_METADATA_ONLY,res/field/props/models/prop_model_477.nsbmd
478,prop_model_478,source geometry multi-surface mesh model 478,source_geometry_prop,READY_GLB,EMBEDDED_TEXTURE_READY,furniture/0478_prop_model_478/model.glb,0.525100625,0.3134765129456891,0.5859374073751198,1,1,NATIVE_BINDINGS_METADATA_ONLY,res/field/props/models/prop_model_478.nsbmd
479,prop_model_479,source geometry compact multi-surface mesh model 479,source_geometry_prop,READY_GLB,EMBEDDED_TEXTURE_READY,furniture/0479_prop_model_479/model.glb,0.5,0.25,0.25,1,1,NATIVE_BINDINGS_METADATA_ONLY,res/field/props/models/prop_model_479.nsbmd
480,prop_model_480,source geometry compact multi-surface mesh model 480,source_geometry_prop,READY_GLB,EMBEDDED_TEXTURE_READY,furniture/0480_prop_model_480/model.glb,0.75,0.0,0.75,1,1,NATIVE_BINDINGS_METADATA_ONLY,res/field/props/models/prop_model_480.nsbmd
481,prop_model_481,source geometry tall or long surface model 481,source_geometry_prop,READY_GLB,EMBEDDED_TEXTURE_READY,furniture/0481_prop_model_481/model.glb,0.53125,0.25,0.8125,1,1,NATIVE_BINDINGS_METADATA_ONLY,res/field/props/models/prop_model_481.nsbmd
482,prop_model_482,source geometry tall or long surface model 482,source_geometry_prop,READY_GLB,EMBEDDED_TEXTURE_READY,furniture/0482_prop_model_482/model.glb,0.546875,0.25,0.8125,1,1,NATIVE_BINDINGS_METADATA_ONLY,res/field/props/models/prop_model_482.nsbmd
483,prop_model_483,source geometry tall or long surface model 483,source_geometry_prop,READY_GLB,EMBEDDED_TEXTURE_READY,furniture/0483_prop_model_483/model.glb,0.25,0.2265625,0.75,1,1,NATIVE_BINDINGS_METADATA_ONLY,res/field/props/models/prop_model_483.nsbmd
484,card_door,named source prop card door,named_source_prop_door,READY_GLB,EMBEDDED_TEXTURE_READY,furniture/0484_card_door/model.glb,0.25,0.328125,0.0,1,0,NATIVE_BINDINGS_METADATA_ONLY,res/field/props/models/card_door.nsbmd
485,prop_model_485,source geometry compact multi-surface mesh model 485,source_geometry_prop,READY_GLB,EMBEDDED_TEXTURE_READY,furniture/0485_prop_model_485/model.glb,0.25,0.5,0.0,1,0,NATIVE_BINDINGS_METADATA_ONLY,res/field/props/models/prop_model_485.nsbmd
486,prop_model_486,source geometry compact multi-surface mesh model 486,source_geometry_prop,READY_GLB,EMBEDDED_TEXTURE_READY,furniture/0486_prop_model_486/model.glb,0.502197265625,0.2809600830078125,0.5,1,1,NATIVE_BINDINGS_METADATA_ONLY,res/field/props/models/prop_model_486.nsbmd
487,prop_model_487,source geometry compact multi-surface mesh model 487,source_geometry_prop,READY_GLB,EMBEDDED_TEXTURE_READY,furniture/0487_prop_model_487/model.glb,0.502197265625,0.2809600830078125,0.5,1,1,NATIVE_BINDINGS_METADATA_ONLY,res/field/props/models/prop_model_487.nsbmd
488,prop_model_488,source geometry tall or long surface model 488,source_geometry_prop,READY_GLB,EMBEDDED_TEXTURE_READY,furniture/0488_prop_model_488/model.glb,0.640625,0.1171875,0.2890625,1,1,NATIVE_BINDINGS_METADATA_ONLY,res/field/props/models/prop_model_488.nsbmd
489,prop_model_489,source geometry compact multi-surface mesh model 489,source_geometry_prop,READY_GLB,EMBEDDED_TEXTURE_READY,furniture/0489_prop_model_489/model.glb,0.484375,0.28125,0.375,1,1,NATIVE_BINDINGS_METADATA_ONLY,res/field/props/models/prop_model_489.nsbmd
490,prop_model_490,source geometry compact multi-surface mesh model 490,source_geometry_prop,READY_GLB,EMBEDDED_TEXTURE_READY,furniture/0490_prop_model_490/model.glb,0.359375,0.3203125,0.0,1,0,NATIVE_BINDINGS_METADATA_ONLY,res/field/props/models/prop_model_490.nsbmd
491,prop_model_491,source geometry tall or long surface model 491,source_geometry_prop,READY_GLB,EMBEDDED_TEXTURE_READY,furniture/0491_prop_model_491/model.glb,0.9375,0.0,0.25,1,1,NATIVE_BINDINGS_METADATA_ONLY,res/field/props/models/prop_model_491.nsbmd
492,prop_model_492,source geometry compact multi-surface mesh model 492,source_geometry_prop,READY_GLB,EMBEDDED_TEXTURE_READY,furniture/0492_prop_model_492/model.glb,0.5,0.375,0.34375,1,1,NATIVE_BINDINGS_METADATA_ONLY,res/field/props/models/prop_model_492.nsbmd
493,prop_model_493,source geometry multi-surface mesh model 493,source_geometry_prop,READY_GLB,EMBEDDED_TEXTURE_READY,furniture/0493_prop_model_493/model.glb,0.4441375000000001,0.2406920989796269,0.5306243021438143,1,1,NATIVE_BINDINGS_METADATA_ONLY,res/field/props/models/prop_model_493.nsbmd
494,prop_model_494,source geometry tall or long surface model 494,source_geometry_prop,READY_GLB,EMBEDDED_TEXTURE_READY,furniture/0494_prop_model_494/model.glb,0.09375,0.265625,0.0888671875,1,1,NATIVE_BINDINGS_METADATA_ONLY,res/field/props/models/prop_model_494.nsbmd
495,prop_model_495,source geometry multi-surface mesh model 495,source_geometry_prop,READY_GLB,EMBEDDED_TEXTURE_READY,furniture/0495_prop_model_495/model.glb,0.268401875,0.41279567506395676,0.268401875,1,1,NATIVE_BINDINGS_METADATA_ONLY,res/field/props/models/prop_model_495.nsbmd
496,lake_guardian_containment_unit,named source prop lake guardian containment unit,named_source_prop_object,READY_GLB,EMBEDDED_TEXTURE_READY,furniture/0496_lake_guardian_containment_unit/model.glb,0.38964838131477497,0.30476375,0.24230953537275324,1,1,NATIVE_BINDINGS_METADATA_ONLY,res/field/props/models/lake_guardian_containment_unit.nsbmd
497,prop_model_497,source geometry multi-surface mesh model 497,source_geometry_prop,READY_GLB,EMBEDDED_TEXTURE_READY,furniture/0497_prop_model_497/model.glb,0.6796875,0.41156005859375,0.3515625,1,1,NATIVE_BINDINGS_METADATA_ONLY,res/field/props/models/prop_model_497.nsbmd
498,elevator_lights,named source prop elevator lights,named_source_prop_elevator,READY_GLB,EMBEDDED_TEXTURE_READY,furniture/0498_elevator_lights/model.glb,0.5625,0.2734375,0.0,1,0,NATIVE_BINDINGS_METADATA_ONLY,res/field/props/models/elevator_lights.nsbmd
499,prop_model_499,source geometry multi-surface mesh model 499,source_geometry_prop,READY_GLB,EMBEDDED_TEXTURE_READY,furniture/0499_prop_model_499/model.glb,0.5859375,0.43359375,0.390625,1,1,NATIVE_BINDINGS_METADATA_ONLY,res/field/props/models/prop_model_499.nsbmd
500,prop_model_500,source geometry multi-surface mesh model 500,source_geometry_prop,READY_GLB,EMBEDDED_TEXTURE_READY,furniture/0500_prop_model_500/model.glb,0.609375,0.3984375,0.3671875,1,1,NATIVE_BINDINGS_METADATA_ONLY,res/field/props/models/prop_model_500.nsbmd
501,prop_model_501,source geometry tall or long surface model 501,source_geometry_prop,READY_GLB,EMBEDDED_TEXTURE_READY,furniture/0501_prop_model_501/model.glb,0.71875,0.28125,0.5,1,1,NATIVE_BINDINGS_METADATA_ONLY,res/field/props/models/prop_model_501.nsbmd
502,pokemon_league_platform_lift,named source prop pokemon league platform lift,named_source_prop_object,READY_GLB,EMBEDDED_TEXTURE_READY,furniture/0502_pokemon_league_platform_lift/model.glb,0.75,0.234375,0.578125,1,1,NATIVE_BINDINGS_METADATA_ONLY,res/field/props/models/pokemon_league_platform_lift.nsbmd
503,prop_model_503,source geometry compact multi-surface mesh model 503,source_geometry_prop,READY_GLB,EMBEDDED_TEXTURE_READY,furniture/0503_prop_model_503/model.glb,0.875,0.0,0.5,1,1,NATIVE_BINDINGS_METADATA_ONLY,res/field/props/models/prop_model_503.nsbmd
504,prop_model_504,source geometry multi-surface mesh model 504,source_geometry_prop,READY_GLB,EMBEDDED_TEXTURE_READY,furniture/0504_prop_model_504/model.glb,0.140625,0.270233154296875,0.1328125,1,1,NATIVE_BINDINGS_METADATA_ONLY,res/field/props/models/prop_model_504.nsbmd
505,prop_model_505,source geometry multi-surface mesh model 505,source_geometry_prop,READY_GLB,EMBEDDED_TEXTURE_READY,furniture/0505_prop_model_505/model.glb,0.28125,0.4375,0.28125,1,1,NATIVE_BINDINGS_METADATA_ONLY,res/field/props/models/prop_model_505.nsbmd
506,prop_model_506,source geometry tall or long surface model 506,source_geometry_prop,READY_GLB,EMBEDDED_TEXTURE_READY,furniture/0506_prop_model_506/model.glb,0.19598375,0.4917599108533168,0.19598375,1,1,NATIVE_BINDINGS_METADATA_ONLY,res/field/props/models/prop_model_506.nsbmd
507,pokemon_league_hall_of_fame_machine,named source prop pokemon league hall of fame machine,named_source_prop_object,READY_GLB,EMBEDDED_TEXTURE_READY,furniture/0507_pokemon_league_hall_of_fame_machine/model.glb,0.734375,0.390625,0.5625,1,1,NATIVE_BINDINGS_METADATA_ONLY,res/field/props/models/pokemon_league_hall_of_fame_machine.nsbmd
508,prop_model_508,source geometry tall or long surface model 508,source_geometry_prop,READY_GLB,EMBEDDED_TEXTURE_READY,furniture/0508_prop_model_508/model.glb,0.15014625,0.4133904679878049,0.15014625,1,1,NATIVE_BINDINGS_METADATA_ONLY,res/field/props/models/prop_model_508.nsbmd
509,prop_model_509,source geometry tall or long surface model 509,source_geometry_prop,READY_GLB,EMBEDDED_TEXTURE_READY,furniture/0509_prop_model_509/model.glb,0.15014625,0.4101556097560976,0.15014625,1,1,NATIVE_BINDINGS_METADATA_ONLY,res/field/props/models/prop_model_509.nsbmd
510,prop_model_510,source geometry multi-surface mesh model 510,source_geometry_prop,READY_GLB,EMBEDDED_TEXTURE_READY,furniture/0510_prop_model_510/model.glb,0.15014625,0.3508905655487805,0.15014625,1,1,NATIVE_BINDINGS_METADATA_ONLY,res/field/props/models/prop_model_510.nsbmd
511,prop_model_511,source geometry multi-surface mesh model 511,source_geometry_prop,READY_GLB,EMBEDDED_TEXTURE_READY,furniture/0511_prop_model_511/model.glb,0.15014625,0.3476557073170732,0.15014625,1,1,NATIVE_BINDINGS_METADATA_ONLY,res/field/props/models/prop_model_511.nsbmd
512,prop_model_512,source geometry multi-surface mesh model 512,source_geometry_prop,READY_GLB,EMBEDDED_TEXTURE_READY,furniture/0512_prop_model_512/model.glb,0.15014625,0.2571407118902439,0.15014625,1,1,NATIVE_BINDINGS_METADATA_ONLY,res/field/props/models/prop_model_512.nsbmd
513,prop_model_513,source geometry multi-surface mesh model 513,source_geometry_prop,READY_GLB,EMBEDDED_TEXTURE_READY,furniture/0513_prop_model_513/model.glb,0.15014625,0.2851558048780488,0.15014625,1,1,NATIVE_BINDINGS_METADATA_ONLY,res/field/props/models/prop_model_513.nsbmd
514,prop_model_514,source geometry multi-surface mesh model 514,source_geometry_prop,READY_GLB,EMBEDDED_TEXTURE_READY,furniture/0514_prop_model_514/model.glb,0.328125,0.30859375,0.1875,1,1,NATIVE_BINDINGS_METADATA_ONLY,res/field/props/models/prop_model_514.nsbmd
515,prop_model_515,source geometry compact multi-surface mesh model 515,source_geometry_prop,READY_GLB,EMBEDDED_TEXTURE_READY,furniture/0515_prop_model_515/model.glb,0.375,0.25,0.25,1,1,NATIVE_BINDINGS_METADATA_ONLY,res/field/props/models/prop_model_515.nsbmd
516,prop_model_516,source geometry compact multi-surface mesh model 516,source_geometry_prop,READY_GLB,EMBEDDED_TEXTURE_READY,furniture/0516_prop_model_516/model.glb,0.5,0.25,0.25,1,1,NATIVE_BINDINGS_METADATA_ONLY,res/field/props/models/prop_model_516.nsbmd
517,pokecenter_healing_machine_mini_pokeball,named source prop pokecenter healing machine mini pokeball,named_source_prop_object,READY_GLB,EMBEDDED_TEXTURE_READY,furniture/0517_pokecenter_healing_machine_mini_pokeball/model.glb,0.5,0.34375,0.34375,1,1,NATIVE_BINDINGS_METADATA_ONLY,res/field/props/models/pokecenter_healing_machine_mini_pokeball.nsbmd
518,prop_model_518,source geometry compact multi-surface mesh model 518,source_geometry_prop,READY_GLB,EMBEDDED_TEXTURE_READY,furniture/0518_prop_model_518/model.glb,0.5,0.34375,0.0,1,0,NATIVE_BINDINGS_METADATA_ONLY,res/field/props/models/prop_model_518.nsbmd
519,prop_model_519,source geometry compact multi-surface mesh model 519,source_geometry_prop,READY_GLB,EMBEDDED_TEXTURE_READY,furniture/0519_prop_model_519/model.glb,0.5,0.625,0.0,1,0,NATIVE_BINDINGS_METADATA_ONLY,res/field/props/models/prop_model_519.nsbmd
520,prop_model_520,source geometry compact multi-surface mesh model 520,source_geometry_prop,READY_GLB,EMBEDDED_TEXTURE_READY,furniture/0520_prop_model_520/model.glb,0.5,0.625,0.0,1,0,NATIVE_BINDINGS_METADATA_ONLY,res/field/props/models/prop_model_520.nsbmd
521,prop_model_521,source geometry compact multi-surface mesh model 521,source_geometry_prop,READY_GLB,EMBEDDED_TEXTURE_READY,furniture/0521_prop_model_521/model.glb,0.5,0.625,0.0,1,0,NATIVE_BINDINGS_METADATA_ONLY,res/field/props/models/prop_model_521.nsbmd
522,prop_model_522,source geometry multi-surface mesh model 522,source_geometry_prop,READY_GLB,EMBEDDED_TEXTURE_READY,furniture/0522_prop_model_522/model.glb,0.2499999236830018,0.43186937500000006,0.251373214279405,1,1,NATIVE_BINDINGS_METADATA_ONLY,res/field/props/models/prop_model_522.nsbmd
523,prop_model_523,source geometry multi-surface mesh model 523,source_geometry_prop,READY_GLB,EMBEDDED_TEXTURE_READY,furniture/0523_prop_model_523/model.glb,0.15625,0.2702178955078125,0.1796875,1,1,NATIVE_BINDINGS_METADATA_ONLY,res/field/props/models/prop_model_523.nsbmd
524,prop_model_524,source geometry multi-surface mesh model 524,source_geometry_prop,READY_GLB,EMBEDDED_TEXTURE_READY,furniture/0524_prop_model_524/model.glb,0.1894225,0.25886520964233933,0.1894225,1,1,NATIVE_BINDINGS_METADATA_ONLY,res/field/props/models/prop_model_524.nsbmd
525,prop_model_525,source geometry compact multi-surface mesh model 525,source_geometry_prop,READY_GLB,EMBEDDED_TEXTURE_READY,furniture/0525_prop_model_525/model.glb,0.484375,0.28125,0.375,1,1,NATIVE_BINDINGS_METADATA_ONLY,res/field/props/models/prop_model_525.nsbmd
526,prop_model_526,source geometry compact multi-surface mesh model 526,source_geometry_prop,READY_GLB,EMBEDDED_TEXTURE_READY,furniture/0526_prop_model_526/model.glb,0.25,0.3827667236328125,0.25,1,1,NATIVE_BINDINGS_METADATA_ONLY,res/field/props/models/prop_model_526.nsbmd
527,hotel_grand_lake_door,named source prop hotel grand lake door,named_source_prop_door,READY_GLB,EMBEDDED_TEXTURE_READY,furniture/0527_hotel_grand_lake_door/model.glb,0.3125,0.46875,0.03125,1,1,NATIVE_BINDINGS_METADATA_ONLY,res/field/props/models/hotel_grand_lake_door.nsbmd
528,prop_model_528,source geometry tall or long surface model 528,source_geometry_prop,READY_GLB,EMBEDDED_TEXTURE_READY,furniture/0528_prop_model_528/model.glb,0.15014625,0.4133904679878049,0.15014625,1,1,NATIVE_BINDINGS_METADATA_ONLY,res/field/props/models/prop_model_528.nsbmd
529,prop_model_529,source geometry tall or long surface model 529,source_geometry_prop,READY_GLB,EMBEDDED_TEXTURE_READY,furniture/0529_prop_model_529/model.glb,0.15014625,0.4101556097560976,0.15014625,1,1,NATIVE_BINDINGS_METADATA_ONLY,res/field/props/models/prop_model_529.nsbmd
530,prop_model_530,source geometry multi-surface mesh model 530,source_geometry_prop,READY_GLB,EMBEDDED_TEXTURE_READY,furniture/0530_prop_model_530/model.glb,0.15014625,0.3508905655487805,0.15014625,1,1,NATIVE_BINDINGS_METADATA_ONLY,res/field/props/models/prop_model_530.nsbmd
531,prop_model_531,source geometry multi-surface mesh model 531,source_geometry_prop,READY_GLB,EMBEDDED_TEXTURE_READY,furniture/0531_prop_model_531/model.glb,0.15014625,0.3476557073170732,0.15014625,1,1,NATIVE_BINDINGS_METADATA_ONLY,res/field/props/models/prop_model_531.nsbmd
532,prop_model_532,source geometry multi-surface mesh model 532,source_geometry_prop,READY_GLB,EMBEDDED_TEXTURE_READY,furniture/0532_prop_model_532/model.glb,0.15014625,0.2571407118902439,0.15014625,1,1,NATIVE_BINDINGS_METADATA_ONLY,res/field/props/models/prop_model_532.nsbmd
533,prop_model_533,source geometry multi-surface mesh model 533,source_geometry_prop,READY_GLB,EMBEDDED_TEXTURE_READY,furniture/0533_prop_model_533/model.glb,0.15014625,0.2851558048780488,0.15014625,1,1,NATIVE_BINDINGS_METADATA_ONLY,res/field/props/models/prop_model_533.nsbmd
534,prop_model_534,source geometry multi-surface mesh model 534,source_geometry_prop,READY_GLB,EMBEDDED_TEXTURE_READY,furniture/0534_prop_model_534/model.glb,0.328125,0.30859375,0.1875,1,1,NATIVE_BINDINGS_METADATA_ONLY,res/field/props/models/prop_model_534.nsbmd
535,prop_model_535,source geometry multi-surface mesh model 535,source_geometry_prop,READY_GLB,EMBEDDED_TEXTURE_READY,furniture/0535_prop_model_535/model.glb,0.5625,0.2968902587890625,0.5625,1,1,NATIVE_BINDINGS_METADATA_ONLY,res/field/props/models/prop_model_535.nsbmd
536,eterna_gym_model_clock_minute_hand,named source prop eterna gym model clock minute hand,named_source_prop_object,READY_GLB,EMBEDDED_TEXTURE_READY,furniture/0536_eterna_gym_model_clock_minute_hand/model.glb,0.36964469610520806,0.013183612690811142,0.10195937500000002,1,1,NATIVE_BINDINGS_METADATA_ONLY,res/field/props/models/eterna_gym_model_clock_minute_hand.nsbmd
537,eterna_gym_model_clock_hour_hand,named source prop eterna gym model clock hour hand,named_source_prop_object,READY_GLB,EMBEDDED_TEXTURE_READY,furniture/0537_eterna_gym_model_clock_hour_hand/model.glb,0.12481683717948719,0.012695306666666663,0.29754625,1,1,NATIVE_BINDINGS_METADATA_ONLY,res/field/props/models/eterna_gym_model_clock_hour_hand.nsbmd
538,screw_steamship_spiral,named source prop screw steamship spiral,named_source_prop_object,READY_GLB,EMBEDDED_TEXTURE_READY,furniture/0538_screw_steamship_spiral/model.glb,0.5878669619560242,0.16404985636472702,0.328125,1,1,NATIVE_BINDINGS_METADATA_ONLY,res/field/props/models/screw_steamship_spiral.nsbmd
539,prop_model_539,source geometry multi-surface mesh model 539,source_geometry_prop,READY_GLB,EMBEDDED_TEXTURE_READY,furniture/0539_prop_model_539/model.glb,0.470703125,0.4217071533203125,0.369873046875,1,1,NATIVE_BINDINGS_METADATA_ONLY,res/field/props/models/prop_model_539.nsbmd
540,prop_model_540,source geometry multi-surface mesh model 540,source_geometry_prop,READY_GLB,EMBEDDED_TEXTURE_READY,furniture/0540_prop_model_540/model.glb,0.5383011484088911,0.461486875,0.5054454428572206,1,1,NATIVE_BINDINGS_METADATA_ONLY,res/field/props/models/prop_model_540.nsbmd
541,prop_model_541,source geometry multi-surface mesh model 541,source_geometry_prop,READY_GLB,EMBEDDED_TEXTURE_READY,furniture/0541_prop_model_541/model.glb,0.4535064656220833,0.3838806117600475,0.539505,1,1,NATIVE_BINDINGS_METADATA_ONLY,res/field/props/models/prop_model_541.nsbmd
542,prop_model_542,source geometry multi-surface mesh model 542,source_geometry_prop,READY_GLB,EMBEDDED_TEXTURE_READY,furniture/0542_prop_model_542/model.glb,0.4049226754178568,0.3952943749999999,0.2994080995232764,1,1,NATIVE_BINDINGS_METADATA_ONLY,res/field/props/models/prop_model_542.nsbmd
543,prop_model_543,source geometry tall or long surface model 543,source_geometry_prop,READY_GLB,EMBEDDED_TEXTURE_READY,furniture/0543_prop_model_543/model.glb,0.4921875,0.1484375,0.3009500205516815,1,1,NATIVE_BINDINGS_METADATA_ONLY,res/field/props/models/prop_model_543.nsbmd
544,prop_model_544,source geometry multi-surface mesh model 544,source_geometry_prop,READY_GLB,EMBEDDED_TEXTURE_READY,furniture/0544_prop_model_544/model.glb,0.48046875,0.2109375,0.2510986328125,1,1,NATIVE_BINDINGS_METADATA_ONLY,res/field/props/models/prop_model_544.nsbmd
545,prop_model_545,source geometry compact multi-surface mesh model 545,source_geometry_prop,READY_GLB,EMBEDDED_TEXTURE_READY,furniture/0545_prop_model_545/model.glb,0.5,0.0,0.25,1,1,NATIVE_BINDINGS_METADATA_ONLY,res/field/props/models/prop_model_545.nsbmd
546,prop_model_546,source geometry compact multi-surface mesh model 546,source_geometry_prop,READY_GLB,EMBEDDED_TEXTURE_READY,furniture/0546_prop_model_546/model.glb,0.25,0.0,0.5,1,1,NATIVE_BINDINGS_METADATA_ONLY,res/field/props/models/prop_model_546.nsbmd
547,prop_model_547,source geometry compact multi-surface mesh model 547,source_geometry_prop,READY_GLB,EMBEDDED_TEXTURE_READY,furniture/0547_prop_model_547/model.glb,0.25,0.0,0.5,1,1,NATIVE_BINDINGS_METADATA_ONLY,res/field/props/models/prop_model_547.nsbmd
548,prop_model_548,source geometry compact multi-surface mesh model 548,source_geometry_prop,READY_GLB,EMBEDDED_TEXTURE_READY,furniture/0548_prop_model_548/model.glb,0.25000009177040405,0.35914625,0.2927399756234864,1,1,NATIVE_BINDINGS_METADATA_ONLY,res/field/props/models/prop_model_548.nsbmd
549,prop_model_549,source geometry multi-surface mesh model 549,source_geometry_prop,READY_GLB,EMBEDDED_TEXTURE_READY,furniture/0549_prop_model_549/model.glb,0.349319375,0.36705008367732495,0.3322142765255755,1,1,NATIVE_BINDINGS_METADATA_ONLY,res/field/props/models/prop_model_549.nsbmd
550,prop_model_550,source geometry multi-surface mesh model 550,source_geometry_prop,READY_GLB,EMBEDDED_TEXTURE_READY,furniture/0550_prop_model_550/model.glb,0.349319375,0.36705008367732495,0.3322142765255755,1,1,NATIVE_BINDINGS_METADATA_ONLY,res/field/props/models/prop_model_550.nsbmd
551,prop_model_551,source geometry multi-surface mesh model 551,source_geometry_prop,READY_GLB,EMBEDDED_TEXTURE_READY,furniture/0551_prop_model_551/model.glb,0.349319375,0.36705008367732495,0.3322142765255755,1,1,NATIVE_BINDINGS_METADATA_ONLY,res/field/props/models/prop_model_551.nsbmd
552,prop_model_552,source geometry multi-surface mesh model 552,source_geometry_prop,READY_GLB,EMBEDDED_TEXTURE_READY,furniture/0552_prop_model_552/model.glb,0.4501951529351623,0.716369375,0.45034774077170486,1,1,NATIVE_BINDINGS_METADATA_ONLY,res/field/props/models/prop_model_552.nsbmd
553,prop_model_553,source geometry tall or long surface model 553,source_geometry_prop,READY_GLB,EMBEDDED_TEXTURE_READY,furniture/0553_prop_model_553/model.glb,0.125,0.0,0.5,1,1,NATIVE_BINDINGS_METADATA_ONLY,res/field/props/models/prop_model_553.nsbmd
554,prop_model_554,source geometry multi-surface mesh model 554,source_geometry_prop,READY_GLB,EMBEDDED_TEXTURE_READY,furniture/0554_prop_model_554/model.glb,0.171875,0.2467803955078125,0.1953125,1,1,NATIVE_BINDINGS_METADATA_ONLY,res/field/props/models/prop_model_554.nsbmd
555,prop_model_555,source geometry multi-surface mesh model 555,source_geometry_prop,READY_GLB,EMBEDDED_TEXTURE_READY,furniture/0555_prop_model_555/model.glb,0.13738497127941868,0.28005388972207673,0.125,1,1,NATIVE_BINDINGS_METADATA_ONLY,res/field/props/models/prop_model_555.nsbmd
556,prop_model_556,source geometry compact multi-surface mesh model 556,source_geometry_prop,READY_GLB,EMBEDDED_TEXTURE_READY,furniture/0556_prop_model_556/model.glb,0.3750001384083045,0.27857981473471743,0.34396375,1,1,NATIVE_BINDINGS_METADATA_ONLY,res/field/props/models/prop_model_556.nsbmd
557,prop_model_557,source geometry multi-surface mesh model 557,source_geometry_prop,READY_GLB,EMBEDDED_TEXTURE_READY,furniture/0557_prop_model_557/model.glb,0.5859375,0.43359375,0.390625,1,1,NATIVE_BINDINGS_METADATA_ONLY,res/field/props/models/prop_model_557.nsbmd
558,prop_model_558,source geometry tall or long surface model 558,source_geometry_prop,READY_GLB,EMBEDDED_TEXTURE_READY,furniture/0558_prop_model_558/model.glb,0.72265625,0.1953125,0.2734375,1,1,NATIVE_BINDINGS_METADATA_ONLY,res/field/props/models/prop_model_558.nsbmd
559,villa_furniture_table,named source prop villa furniture table,named_source_prop_table,READY_GLB,EMBEDDED_TEXTURE_READY,furniture/0559_villa_furniture_table/model.glb,0.65625,0.2421875,0.84375,1,1,NATIVE_BINDINGS_METADATA_ONLY,res/field/props/models/villa_furniture_table.nsbmd
560,villa_furniture_big_sofa,named source prop villa furniture big sofa,named_source_prop_object,READY_GLB,EMBEDDED_TEXTURE_READY,furniture/0560_villa_furniture_big_sofa/model.glb,0.234375,0.09375,0.4921875,1,1,NATIVE_BINDINGS_METADATA_ONLY,res/field/props/models/villa_furniture_big_sofa.nsbmd
561,villa_furniture_small_sofa,named source prop villa furniture small sofa,named_source_prop_object,READY_GLB,EMBEDDED_TEXTURE_READY,furniture/0561_villa_furniture_small_sofa/model.glb,0.3671875,0.09375,0.234375,1,1,NATIVE_BINDINGS_METADATA_ONLY,res/field/props/models/villa_furniture_small_sofa.nsbmd
562,villa_furniture_bed,named source prop villa furniture bed,named_source_prop_object,READY_GLB,EMBEDDED_TEXTURE_READY,furniture/0562_villa_furniture_bed/model.glb,0.1875,0.251953125,0.1953125,1,1,NATIVE_BINDINGS_METADATA_ONLY,res/field/props/models/villa_furniture_bed.nsbmd
563,villa_furniture_night_table,named source prop villa furniture night table,named_source_prop_table,READY_GLB,EMBEDDED_TEXTURE_READY,furniture/0563_villa_furniture_night_table/model.glb,0.1875,0.38671875,0.1640625,1,1,NATIVE_BINDINGS_METADATA_ONLY,res/field/props/models/villa_furniture_night_table.nsbmd
564,villa_furniture_tv,named source prop villa furniture tv,named_source_prop_tv,READY_GLB,EMBEDDED_TEXTURE_READY,furniture/0564_villa_furniture_tv/model.glb,0.25,0.37109375,0.125,1,1,NATIVE_BINDINGS_METADATA_ONLY,res/field/props/models/villa_furniture_tv.nsbmd
565,villa_furniture_audio_system,named source prop villa furniture audio system,named_source_prop_object,READY_GLB,EMBEDDED_TEXTURE_READY,furniture/0565_villa_furniture_audio_system/model.glb,0.8125,0.4609375,0.21875,1,1,NATIVE_BINDINGS_METADATA_ONLY,res/field/props/models/villa_furniture_audio_system.nsbmd
566,villa_furniture_bookshelf,named source prop villa furniture bookshelf,named_source_prop_book,READY_GLB,EMBEDDED_TEXTURE_READY,furniture/0566_villa_furniture_bookshelf/model.glb,0.25,0.30859375,0.078125,1,1,NATIVE_BINDINGS_METADATA_ONLY,res/field/props/models/villa_furniture_bookshelf.nsbmd
567,villa_furniture_rack,named source prop villa furniture rack,named_source_prop_object,READY_GLB,EMBEDDED_TEXTURE_READY,furniture/0567_villa_furniture_rack/model.glb,0.25,0.40234375,0.078125,1,1,NATIVE_BINDINGS_METADATA_ONLY,res/field/props/models/villa_furniture_rack.nsbmd
568,villa_furniture_houseplant,named source prop villa furniture houseplant,named_source_prop_houseplant,READY_GLB,EMBEDDED_TEXTURE_READY,furniture/0568_villa_furniture_houseplant/model.glb,0.21875,0.30859375,0.203125,1,1,NATIVE_BINDINGS_METADATA_ONLY,res/field/props/models/villa_furniture_houseplant.nsbmd
569,villa_furniture_pc_desk,named source prop villa furniture pc desk,named_source_prop_desk,READY_GLB,EMBEDDED_TEXTURE_READY,furniture/0569_villa_furniture_pc_desk/model.glb,0.215606689453125,0.27734375,0.34375,1,1,NATIVE_BINDINGS_METADATA_ONLY,res/field/props/models/villa_furniture_pc_desk.nsbmd
570,villa_furniture_music_box,named source prop villa furniture music box,named_source_prop_object,READY_GLB,EMBEDDED_TEXTURE_READY,furniture/0570_villa_furniture_music_box/model.glb,0.1015625,0.0546875,0.046875,1,1,NATIVE_BINDINGS_METADATA_ONLY,res/field/props/models/villa_furniture_music_box.nsbmd
571,villa_furniture_pokemon_bust,named source prop villa furniture pokemon bust,named_source_prop_object,READY_GLB,EMBEDDED_TEXTURE_READY,furniture/0571_villa_furniture_pokemon_bust/model.glb,0.21875,0.37109375,0.296875,1,1,NATIVE_BINDINGS_METADATA_ONLY,res/field/props/models/villa_furniture_pokemon_bust.nsbmd
572,villa_furniture_pokemon_bust_silver,named source prop villa furniture pokemon bust silver,named_source_prop_object,READY_GLB,EMBEDDED_TEXTURE_READY,furniture/0572_villa_furniture_pokemon_bust_silver/model.glb,0.21875,0.37109375,0.296875,1,1,NATIVE_BINDINGS_METADATA_ONLY,res/field/props/models/villa_furniture_pokemon_bust_silver.nsbmd
573,villa_furniture_piano,named source prop villa furniture piano,named_source_prop_object,READY_GLB,EMBEDDED_TEXTURE_READY,furniture/0573_villa_furniture_piano/model.glb,0.765625,0.2549285888671875,0.578125,1,1,NATIVE_BINDINGS_METADATA_ONLY,res/field/props/models/villa_furniture_piano.nsbmd
574,villa_furniture_guest_set,named source prop villa furniture guest set,named_source_prop_object,READY_GLB,EMBEDDED_TEXTURE_READY,furniture/0574_villa_furniture_guest_set/model.glb,0.53125,0.16796875,0.26953125,1,1,NATIVE_BINDINGS_METADATA_ONLY,res/field/props/models/villa_furniture_guest_set.nsbmd
575,villa_furniture_wall_clock,named source prop villa furniture wall clock,named_source_prop_object,READY_GLB,EMBEDDED_TEXTURE_READY,furniture/0575_villa_furniture_wall_clock/model.glb,0.27841187500000003,0.3078381900458285,0.04560565778456718,1,1,NATIVE_BINDINGS_METADATA_ONLY,res/field/props/models/villa_furniture_wall_clock.nsbmd
576,villa_furniture_masterpiece,named source prop villa furniture masterpiece,named_source_prop_object,READY_GLB,EMBEDDED_TEXTURE_READY,furniture/0576_villa_furniture_masterpiece/model.glb,0.09375,0.09375,0.0,1,0,NATIVE_BINDINGS_METADATA_ONLY,res/field/props/models/villa_furniture_masterpiece.nsbmd
577,villa_furniture_tea_set,named source prop villa furniture tea set,named_source_prop_object,READY_GLB,EMBEDDED_TEXTURE_READY,furniture/0577_villa_furniture_tea_set/model.glb,0.234375,0.1875,0.1640625,1,1,NATIVE_BINDINGS_METADATA_ONLY,res/field/props/models/villa_furniture_tea_set.nsbmd
578,villa_furniture_chandelier,named source prop villa furniture chandelier,named_source_prop_object,READY_GLB,EMBEDDED_TEXTURE_READY,furniture/0578_villa_furniture_chandelier/model.glb,0.2109375,0.1627044677734375,0.2109375,1,1,NATIVE_BINDINGS_METADATA_ONLY,res/field/props/models/villa_furniture_chandelier.nsbmd
579,prop_model_579,source geometry tall or long surface model 579,source_geometry_prop,READY_GLB,EMBEDDED_TEXTURE_READY,furniture/0579_prop_model_579/model.glb,0.1015625,0.35052490234375,0.07421875,1,1,NATIVE_BINDINGS_METADATA_ONLY,res/field/props/models/prop_model_579.nsbmd
580,prop_model_580,source geometry tall or long surface model 580,source_geometry_prop,READY_GLB,EMBEDDED_TEXTURE_READY,furniture/0580_prop_model_580/model.glb,0.1015625,0.35052490234375,0.07421875,1,1,NATIVE_BINDINGS_METADATA_ONLY,res/field/props/models/prop_model_580.nsbmd
581,prop_model_581,source geometry compact multi-surface mesh model 581,source_geometry_prop,READY_GLB,EMBEDDED_TEXTURE_READY,furniture/0581_prop_model_581/model.glb,0.9750062499999999,0.06250000938996525,0.9750062499999999,1,1,NATIVE_BINDINGS_METADATA_ONLY,res/field/props/models/prop_model_581.nsbmd
582,prop_model_582,source geometry multi-surface mesh model 582,source_geometry_prop,READY_GLB,EMBEDDED_TEXTURE_READY,furniture/0582_prop_model_582/model.glb,0.2501375,0.375168103001281,0.2501222412005124,1,1,NATIVE_BINDINGS_METADATA_ONLY,res/field/props/models/prop_model_582.nsbmd
583,prop_model_583,source geometry tall or long surface model 583,source_geometry_prop,READY_GLB,EMBEDDED_TEXTURE_READY,furniture/0583_prop_model_583/model.glb,0.12506125,0.4375770456625183,0.12506125,1,1,NATIVE_BINDINGS_METADATA_ONLY,res/field/props/models/prop_model_583.nsbmd
584,prop_model_584,source geometry compact multi-surface mesh model 584,source_geometry_prop,READY_GLB,EMBEDDED_TEXTURE_READY,furniture/0584_prop_model_584/model.glb,0.4375,0.0,0.5,1,1,NATIVE_BINDINGS_METADATA_ONLY,res/field/props/models/prop_model_584.nsbmd
585,prop_model_585,source geometry compact multi-surface mesh model 585,source_geometry_prop,READY_GLB,EMBEDDED_TEXTURE_READY,furniture/0585_prop_model_585/model.glb,0.26095571329206746,0.353744375,0.24719229068714144,1,1,NATIVE_BINDINGS_METADATA_ONLY,res/field/props/models/prop_model_585.nsbmd
586,prop_model_586,source geometry multi-surface mesh model 586,source_geometry_prop,READY_GLB,EMBEDDED_TEXTURE_READY,furniture/0586_prop_model_586/model.glb,0.5682525,0.4272918223866169,0.5362395641228754,1,1,NATIVE_BINDINGS_METADATA_ONLY,res/field/props/models/prop_model_586.nsbmd
587,prop_model_587,source geometry multi-surface mesh model 587,source_geometry_prop,READY_GLB,EMBEDDED_TEXTURE_READY,furniture/0587_prop_model_587/model.glb,0.735504150390625,0.3601531982421875,0.75,1,1,NATIVE_BINDINGS_METADATA_ONLY,res/field/props/models/prop_model_587.nsbmd
588,prop_model_588,source geometry tall or long surface model 588,source_geometry_prop,READY_GLB,EMBEDDED_TEXTURE_READY,furniture/0588_prop_model_588/model.glb,0.125,0.0,0.630859375,1,1,NATIVE_BINDINGS_METADATA_ONLY,res/field/props/models/prop_model_588.nsbmd
589,prop_model_589,source geometry compact multi-surface mesh model 589,source_geometry_prop,READY_GLB,EMBEDDED_TEXTURE_READY,furniture/0589_prop_model_589/model.glb,0.5,0.0,0.5,1,1,NATIVE_BINDINGS_METADATA_ONLY,res/field/props/models/prop_model_589.nsbmd
